Date,City,Max Temperature,Min Temperature,Average Temperature,Rainfall,Humidity,Wind Speed
2022-01-01,Bengaluru,25.9,18.1,20.8,2.3,80,22.1
2022-01-02,Bengaluru,27.0,16.2,20.7,0.0,74,18.8
2022-01-03,Bengaluru,26.9,15.6,20.5,0.0,71,16.6
2022-01-04,Bengaluru,26.5,16.3,20.4,0.0,69,16.2
2022-01-05,Bengaluru,26.4,14.8,20.2,0.0,69,15.9
2022-01-06,Bengaluru,27.0,16.1,20.9,0.0,72,15.5
2022-01-07,Bengaluru,26.3,17.3,21.3,0.1,71,17.2
2022-01-08,Bengaluru,27.0,17.8,21.6,0.0,71,17.3
2022-01-09,Bengaluru,27.0,17.1,21.4,0.0,71,13.7
2022-01-10,Bengaluru,27.0,17.1,21.5,0.2,73,16.2
2022-01-11,Bengaluru,27.9,16.3,21.6,0.1,72,14.3
2022-01-12,Bengaluru,27.1,18.1,21.8,0.2,72,13.0
2022-01-13,Bengaluru,27.4,17.1,21.5,0.0,68,14.7
2022-01-14,Bengaluru,27.3,17.6,21.6,0.0,69,13.0
2022-01-15,Bengaluru,28.2,16.2,21.7,0.0,65,16.6
2022-01-16,Bengaluru,27.0,18.2,21.6,0.5,73,18.2
2022-01-17,Bengaluru,26.8,17.3,21.1,0.2,71,19.5
2022-01-18,Bengaluru,27.3,16.0,21.2,0.0,66,14.7
2022-01-19,Bengaluru,27.1,15.8,20.8,0.0,63,13.6
2022-01-20,Bengaluru,28.2,13.8,20.6,0.0,54,13.0
2022-01-21,Bengaluru,30.2,15.2,22.0,0.0,50,18.0
2022-01-22,Bengaluru,29.2,14.4,21.5,0.0,50,12.5
2022-01-23,Bengaluru,28.5,14.5,21.3,0.0,48,12.9
2022-01-24,Bengaluru,27.5,13.8,20.8,0.0,51,13.2
2022-01-25,Bengaluru,27.6,14.2,20.8,0.0,53,14.2
2022-01-26,Bengaluru,27.4,16.8,21.8,0.0,66,13.0
2022-01-27,Bengaluru,25.2,17.4,21.1,2.3,74,16.6
2022-01-28,Bengaluru,26.6,17.1,21.1,0.0,70,24.0
2022-01-29,Bengaluru,27.9,16.0,21.2,0.0,72,19.3
2022-01-30,Bengaluru,28.2,17.1,22.1,0.2,74,12.5
2022-01-31,Bengaluru,29.7,17.9,23.4,0.0,67,15.5
2022-02-01,Bengaluru,29.5,18.2,23.1,0.0,65,11.6
2022-02-02,Bengaluru,29.9,16.7,22.7,0.0,64,13.7
2022-02-03,Bengaluru,29.0,16.7,22.4,0.0,64,13.5
2022-02-04,Bengaluru,29.4,15.5,22.3,0.0,52,12.3
2022-02-05,Bengaluru,29.7,16.2,22.4,0.0,56,14.4
2022-02-06,Bengaluru,28.3,17.6,22.5,0.0,66,15.9
2022-02-07,Bengaluru,29.0,18.5,23.0,0.0,62,13.8
2022-02-08,Bengaluru,28.8,16.2,22.2,0.0,63,12.9
2022-02-09,Bengaluru,28.6,15.4,21.8,0.0,63,17.6
2022-02-10,Bengaluru,28.9,15.9,21.8,0.0,57,16.3
2022-02-11,Bengaluru,29.1,15.9,22.2,0.0,49,20.7
2022-02-12,Bengaluru,28.8,16.3,22.2,0.0,51,20.5
2022-02-13,Bengaluru,28.6,16.2,21.9,0.0,60,15.5
2022-02-14,Bengaluru,28.3,15.9,21.9,0.0,60,16.8
2022-02-15,Bengaluru,28.7,17.0,22.7,0.0,59,17.1
2022-02-16,Bengaluru,29.5,16.0,22.7,0.0,57,19.2
2022-02-17,Bengaluru,29.5,16.5,22.7,0.0,51,21.8
2022-02-18,Bengaluru,29.4,15.2,22.4,0.0,56,20.4
2022-02-19,Bengaluru,29.7,16.0,22.4,0.0,57,16.3
2022-02-20,Bengaluru,30.8,16.0,22.9,0.0,52,15.5
2022-02-21,Bengaluru,31.5,17.0,23.9,0.0,50,12.1
2022-02-22,Bengaluru,31.4,18.7,24.5,0.0,52,19.8
2022-02-23,Bengaluru,29.9,17.0,23.1,0.0,54,17.8
2022-02-24,Bengaluru,29.0,15.9,22.2,0.0,53,14.9
2022-02-25,Bengaluru,30.7,14.7,22.6,0.0,46,16.6
2022-02-26,Bengaluru,29.7,15.7,22.1,0.0,56,16.0
2022-02-27,Bengaluru,30.0,17.4,22.9,0.0,56,16.8
2022-02-28,Bengaluru,29.4,16.0,22.9,0.0,46,17.6
2022-03-01,Bengaluru,30.1,17.0,23.6,0.0,46,19.1
2022-03-02,Bengaluru,30.2,17.3,23.3,0.0,31,19.7
2022-03-03,Bengaluru,30.5,16.4,23.2,0.0,37,22.4
2022-03-04,Bengaluru,31.3,16.1,23.4,0.0,40,23.2
2022-03-05,Bengaluru,30.9,15.9,23.3,0.0,43,20.4
2022-03-06,Bengaluru,30.7,17.3,23.5,0.0,51,22.6
2022-03-07,Bengaluru,27.8,17.7,21.7,3.4,69,22.5
2022-03-08,Bengaluru,30.2,17.3,23.6,0.1,59,17.1
2022-03-09,Bengaluru,31.8,17.6,24.5,0.0,46,17.7
2022-03-10,Bengaluru,32.5,18.8,25.1,0.0,38,18.3
2022-03-11,Bengaluru,32.4,18.2,25.1,0.0,33,18.8
2022-03-12,Bengaluru,32.2,17.9,25.1,0.0,34,19.6
2022-03-13,Bengaluru,31.9,18.6,25.2,0.0,33,19.1
2022-03-14,Bengaluru,32.8,18.8,25.7,0.0,40,17.9
2022-03-15,Bengaluru,33.1,17.8,25.2,0.0,40,13.5
2022-03-16,Bengaluru,33.2,17.4,25.1,0.0,40,20.4
2022-03-17,Bengaluru,33.8,18.4,26.3,0.0,33,16.5
2022-03-18,Bengaluru,34.2,19.2,26.4,0.0,36,15.1
2022-03-19,Bengaluru,32.3,19.2,25.9,0.0,46,19.9
2022-03-20,Bengaluru,29.9,22.0,24.7,0.0,56,10.6
2022-03-21,Bengaluru,33.0,19.8,25.0,0.2,61,17.1
2022-03-22,Bengaluru,31.2,21.0,24.8,0.0,64,12.2
2022-03-23,Bengaluru,32.9,20.9,26.5,0.0,53,15.8
2022-03-24,Bengaluru,32.7,20.6,26.2,0.4,56,21.1
2022-03-25,Bengaluru,32.2,20.3,26.0,0.0,58,13.9
2022-03-26,Bengaluru,33.2,20.2,26.4,0.0,57,14.3
2022-03-27,Bengaluru,34.2,20.8,26.9,0.0,53,19.7
2022-03-28,Bengaluru,34.3,20.8,27.1,0.0,51,15.2
2022-03-29,Bengaluru,34.0,21.2,27.2,0.1,52,13.0
2022-03-30,Bengaluru,33.9,21.5,27.6,0.2,46,16.0
2022-03-31,Bengaluru,32.3,21.7,27.2,0.0,50,11.1
2022-04-01,Bengaluru,33.5,21.7,27.4,0.0,44,16.4
2022-04-02,Bengaluru,32.8,20.3,26.6,0.0,51,14.0
2022-04-03,Bengaluru,33.7,19.9,26.4,0.0,51,19.1
2022-04-04,Bengaluru,32.9,19.7,26.3,0.0,51,19.2
2022-04-05,Bengaluru,33.1,19.6,26.0,0.0,53,22.3
2022-04-06,Bengaluru,33.8,18.9,26.2,0.0,52,15.6
2022-04-07,Bengaluru,35.3,20.0,27.0,0.0,48,26.6
2022-04-08,Bengaluru,33.2,19.4,26.4,0.1,53,15.5
2022-04-09,Bengaluru,33.7,20.5,26.9,0.0,53,17.2
2022-04-10,Bengaluru,34.1,20.3,26.9,0.0,53,18.8
2022-04-11,Bengaluru,34.0,20.4,27.0,0.0,57,17.5
2022-04-12,Bengaluru,33.3,20.9,26.4,0.0,61,18.8
2022-04-13,Bengaluru,31.6,21.7,25.6,2.5,70,21.9
2022-04-14,Bengaluru,32.2,20.9,24.8,12.8,72,15.8
2022-04-15,Bengaluru,33.7,20.4,26.0,5.3,67,13.2
2022-04-16,Bengaluru,33.8,20.2,25.8,4.2,67,21.4
2022-04-17,Bengaluru,33.0,19.3,24.3,10.5,72,21.8
2022-04-18,Bengaluru,31.7,19.2,24.2,0.2,71,15.9
2022-04-19,Bengaluru,33.2,19.5,25.9,0.0,63,17.1
2022-04-20,Bengaluru,34.4,20.6,27.7,0.0,52,15.9
2022-04-21,Bengaluru,33.7,20.8,27.0,0.0,56,18.2
2022-04-22,Bengaluru,33.4,20.1,26.1,0.0,61,19.5
2022-04-23,Bengaluru,33.0,20.5,26.3,0.0,60,16.3
2022-04-24,Bengaluru,33.2,20.3,26.3,0.0,55,13.9
2022-04-25,Bengaluru,34.7,20.9,27.5,0.0,48,15.1
2022-04-26,Bengaluru,34.7,21.5,27.9,0.0,45,14.7
2022-04-27,Bengaluru,35.3,21.2,28.3,0.0,47,17.3
2022-04-28,Bengaluru,34.9,21.9,27.9,0.0,50,14.5
2022-04-29,Bengaluru,37.1,21.8,28.9,0.0,43,18.0
2022-04-30,Bengaluru,34.7,21.8,27.8,0.0,56,17.3
2022-05-01,Bengaluru,34.2,21.7,27.8,0.0,54,14.2
2022-05-02,Bengaluru,34.2,21.7,27.5,0.0,58,13.0
2022-05-03,Bengaluru,34.1,20.7,26.5,1.6,64,21.6
2022-05-04,Bengaluru,33.3,21.3,26.1,0.7,64,11.2
2022-05-05,Bengaluru,31.4,20.3,24.7,0.6,76,16.7
2022-05-06,Bengaluru,31.0,20.3,24.0,10.7,79,10.5
2022-05-07,Bengaluru,31.5,20.2,25.3,0.6,69,15.5
2022-05-08,Bengaluru,33.0,19.7,26.2,0.1,64,14.6
2022-05-09,Bengaluru,31.6,19.9,25.7,0.1,68,13.7
2022-05-10,Bengaluru,27.2,21.4,23.2,4.9,86,23.9
2022-05-11,Bengaluru,25.5,20.8,22.7,0.4,80,27.7
2022-05-12,Bengaluru,24.8,20.3,21.9,20.6,86,22.1
2022-05-13,Bengaluru,27.3,20.2,22.6,18.1,87,20.4
2022-05-14,Bengaluru,28.8,20.3,23.3,14.6,86,16.3
2022-05-15,Bengaluru,29.2,20.8,23.8,17.3,84,15.6
2022-05-16,Bengaluru,27.6,21.0,23.1,25.1,88,15.0
2022-05-17,Bengaluru,28.0,20.7,23.1,18.0,88,10.9
2022-05-18,Bengaluru,27.3,20.5,22.7,13.4,88,16.2
2022-05-19,Bengaluru,24.6,19.2,21.5,0.9,86,26.3
2022-05-20,Bengaluru,26.2,18.5,22.1,4.9,84,22.9
2022-05-21,Bengaluru,26.9,19.3,22.7,0.5,78,27.8
2022-05-22,Bengaluru,27.8,19.8,22.8,0.6,82,23.1
2022-05-23,Bengaluru,29.5,19.7,24.2,0.3,76,20.0
2022-05-24,Bengaluru,29.5,20.2,24.5,0.4,78,14.6
2022-05-25,Bengaluru,29.6,20.5,24.8,0.5,76,13.3
2022-05-26,Bengaluru,29.5,19.9,23.6,3.6,81,12.6
2022-05-27,Bengaluru,29.4,19.9,23.9,0.1,73,15.5
2022-05-28,Bengaluru,29.5,19.2,24.1,0.3,72,15.5
2022-05-29,Bengaluru,29.7,19.5,24.3,0.0,72,14.6
2022-05-30,Bengaluru,29.9,19.5,23.8,6.2,77,22.0
2022-05-31,Bengaluru,29.4,19.3,23.6,2.1,78,16.6
2022-06-01,Bengaluru,29.2,19.4,23.1,4.8,82,18.9
2022-06-02,Bengaluru,29.5,19.5,23.8,0.5,78,16.2
2022-06-03,Bengaluru,29.8,19.7,23.9,8.7,80,24.0
2022-06-04,Bengaluru,31.4,19.8,24.7,9.4,76,14.0
2022-06-05,Bengaluru,30.3,20.3,24.0,15.1,81,21.0
2022-06-06,Bengaluru,29.1,19.9,23.6,7.4,82,13.8
2022-06-07,Bengaluru,27.3,19.9,23.1,1.3,84,18.4
2022-06-08,Bengaluru,29.4,19.9,23.7,0.4,79,19.5
2022-06-09,Bengaluru,29.6,20.0,23.9,0.7,78,20.9
2022-06-10,Bengaluru,29.0,19.4,23.9,1.8,75,21.2
2022-06-11,Bengaluru,28.5,19.3,23.2,1.6,79,20.7
2022-06-12,Bengaluru,28.4,19.3,23.0,11.0,81,19.7
2022-06-13,Bengaluru,28.8,19.3,23.7,0.1,77,16.9
2022-06-14,Bengaluru,29.3,19.5,23.4,11.8,81,14.0
2022-06-15,Bengaluru,27.7,20.6,23.1,0.5,83,16.6
2022-06-16,Bengaluru,28.7,20.0,23.0,10.2,83,15.0
2022-06-17,Bengaluru,28.2,19.5,22.8,7.7,84,12.2
2022-06-18,Bengaluru,26.7,19.5,22.4,24.1,88,10.7
2022-06-19,Bengaluru,27.6,20.0,22.8,3.0,85,12.4
2022-06-20,Bengaluru,28.0,19.2,23.0,1.7,82,16.2
2022-06-21,Bengaluru,27.0,19.8,22.2,7.1,85,19.9
2022-06-22,Bengaluru,26.2,19.9,22.2,0.9,85,19.7
2022-06-23,Bengaluru,26.8,19.7,22.1,0.9,86,21.1
2022-06-24,Bengaluru,27.5,19.4,23.1,1.2,80,25.1
2022-06-25,Bengaluru,27.9,19.6,22.5,10.2,82,27.2
2022-06-26,Bengaluru,27.2,20.2,23.2,1.0,77,27.5
2022-06-27,Bengaluru,27.9,19.7,23.1,0.5,76,23.8
2022-06-28,Bengaluru,27.4,19.5,22.9,1.0,78,19.5
2022-06-29,Bengaluru,27.7,19.9,22.6,3.0,84,22.6
2022-06-30,Bengaluru,27.7,19.5,22.4,13.3,85,19.7
2022-07-01,Bengaluru,27.3,19.6,22.9,6.3,82,24.9
2022-07-02,Bengaluru,28.2,19.7,23.4,3.4,79,24.1
2022-07-03,Bengaluru,28.1,20.0,22.6,4.9,83,20.0
2022-07-04,Bengaluru,25.3,20.3,21.8,1.7,85,29.2
2022-07-05,Bengaluru,24.1,19.8,21.3,10.3,89,27.2
2022-07-06,Bengaluru,24.9,19.7,21.6,3.6,87,25.9
2022-07-07,Bengaluru,24.1,19.8,21.3,15.2,90,24.5
2022-07-08,Bengaluru,26.2,19.6,22.1,1.4,82,31.1
2022-07-09,Bengaluru,23.7,19.5,21.0,11.4,90,27.7
2022-07-10,Bengaluru,25.0,19.5,21.4,4.1,88,30.1
2022-07-11,Bengaluru,24.1,19.3,21.0,5.0,89,27.8
2022-07-12,Bengaluru,26.1,19.0,22.1,0.9,80,32.0
2022-07-13,Bengaluru,26.3,19.7,21.8,3.3,82,32.8
2022-07-14,Bengaluru,26.2,19.6,22.1,5.3,79,34.8
2022-07-15,Bengaluru,27.0,19.7,22.8,1.7,77,29.2
2022-07-16,Bengaluru,27.2,19.7,22.3,7.2,83,29.0
2022-07-17,Bengaluru,27.7,19.8,22.6,5.0,84,27.0
2022-07-18,Bengaluru,26.8,20.1,22.1,5.0,87,22.1
2022-07-19,Bengaluru,27.5,18.9,22.5,1.8,84,17.7
2022-07-20,Bengaluru,28.7,19.8,23.1,18.6,84,12.2
2022-07-21,Bengaluru,28.0,20.0,22.8,10.0,84,17.3
2022-07-22,Bengaluru,26.9,20.0,22.4,12.9,85,16.9
2022-07-23,Bengaluru,27.0,19.3,22.0,1.6,85,19.8
2022-07-24,Bengaluru,26.3,18.7,22.1,1.7,82,22.5
2022-07-25,Bengaluru,27.4,18.7,22.8,0.3,77,19.8
2022-07-26,Bengaluru,26.9,19.1,22.2,2.5,83,16.8
2022-07-27,Bengaluru,28.4,18.3,22.3,5.6,83,13.7
2022-07-28,Bengaluru,28.0,19.1,22.6,4.9,85,12.2
2022-07-29,Bengaluru,29.0,18.7,22.9,5.0,84,12.5
2022-07-30,Bengaluru,28.3,18.9,23.0,12.7,83,12.9
2022-07-31,Bengaluru,28.2,19.3,22.9,9.9,85,11.5
2022-08-01,Bengaluru,27.9,19.9,22.7,39.6,86,12.0
2022-08-02,Bengaluru,27.6,19.7,22.5,25.0,86,14.1
2022-08-03,Bengaluru,26.8,19.2,21.7,17.7,89,11.4
2022-08-04,Bengaluru,25.0,19.7,21.6,17.6,90,18.9
2022-08-05,Bengaluru,23.2,19.7,20.8,24.2,91,31.9
2022-08-06,Bengaluru,25.0,19.6,21.5,5.2,86,28.6
2022-08-07,Bengaluru,24.0,20.0,21.5,5.2,88,29.9
2022-08-08,Bengaluru,25.9,19.8,21.9,3.7,84,32.4
2022-08-09,Bengaluru,26.4,19.9,22.3,0.9,77,36.6
2022-08-10,Bengaluru,26.5,19.4,22.2,2.5,78,34.9
2022-08-11,Bengaluru,27.2,19.4,22.5,1.7,77,32.0
2022-08-12,Bengaluru,26.7,20.0,22.8,1.0,77,28.2
2022-08-13,Bengaluru,27.4,19.2,22.5,0.5,78,23.1
2022-08-14,Bengaluru,26.2,18.7,22.2,0.0,77,22.5
2022-08-15,Bengaluru,27.6,18.3,22.5,0.0,78,18.4
2022-08-16,Bengaluru,27.7,18.6,23.0,0.3,78,12.8
2022-08-17,Bengaluru,28.0,18.6,23.4,0.2,76,11.9
2022-08-18,Bengaluru,28.3,19.3,23.3,0.9,78,16.9
2022-08-19,Bengaluru,27.6,19.9,23.0,0.3,80,19.2
2022-08-20,Bengaluru,27.1,19.1,22.9,0.3,78,16.9
2022-08-21,Bengaluru,26.0,19.3,22.2,3.6,85,17.6
2022-08-22,Bengaluru,27.3,19.4,22.1,4.4,84,23.5
2022-08-23,Bengaluru,27.5,19.3,22.1,3.2,84,20.6
2022-08-24,Bengaluru,25.8,19.2,21.3,8.0,87,19.0
2022-08-25,Bengaluru,26.7,19.2,21.7,9.3,87,18.0
2022-08-26,Bengaluru,26.1,19.1,21.8,20.2,87,16.4
2022-08-27,Bengaluru,27.4,19.4,21.7,16.7,88,17.0
2022-08-28,Bengaluru,27.0,19.3,22.1,4.2,86,16.3
2022-08-29,Bengaluru,27.2,19.2,22.1,17.3,87,10.7
2022-08-30,Bengaluru,28.0,19.3,22.7,9.3,85,14.7
2022-08-31,Bengaluru,27.5,19.5,22.3,5.2,86,20.1
2022-09-01,Bengaluru,27.1,19.5,21.9,12.5,89,14.4
2022-09-02,Bengaluru,27.6,19.1,22.7,1.4,82,12.1
2022-09-03,Bengaluru,27.9,19.0,23.0,1.6,83,8.6
2022-09-04,Bengaluru,28.5,19.0,23.1,11.8,84,11.9
2022-09-05,Bengaluru,28.7,19.3,22.6,5.8,86,12.4
2022-09-06,Bengaluru,27.6,18.3,22.0,12.7,88,11.0
2022-09-07,Bengaluru,26.3,19.8,21.8,8.1,90,16.6
2022-09-08,Bengaluru,23.5,19.6,21.1,7.3,92,18.9
2022-09-09,Bengaluru,26.2,19.4,22.0,3.0,87,22.6
2022-09-10,Bengaluru,26.7,19.9,21.9,8.9,88,23.5
2022-09-11,Bengaluru,26.9,19.5,22.5,2.6,82,30.4
2022-09-12,Bengaluru,27.0,19.5,22.5,0.8,79,31.1
2022-09-13,Bengaluru,27.0,18.6,22.2,1.2,84,22.4
2022-09-14,Bengaluru,27.1,19.4,22.1,1.2,86,19.2
2022-09-15,Bengaluru,26.4,18.7,22.0,0.8,84,18.7
2022-09-16,Bengaluru,27.5,18.3,22.3,0.1,81,17.9
2022-09-17,Bengaluru,27.2,18.6,22.4,0.4,82,14.4
2022-09-18,Bengaluru,27.2,18.5,22.6,0.4,79,14.8
2022-09-19,Bengaluru,27.4,18.9,22.1,0.4,81,20.9
2022-09-20,Bengaluru,27.3,17.5,21.7,0.1,80,21.0
2022-09-21,Bengaluru,27.0,17.9,21.9,0.9,79,17.8
2022-09-22,Bengaluru,27.5,18.3,21.9,0.0,75,20.5
2022-09-23,Bengaluru,27.1,17.5,22.0,0.4,75,16.9
2022-09-24,Bengaluru,28.0,18.2,22.3,1.6,78,17.9
2022-09-25,Bengaluru,27.8,18.3,22.6,0.6,75,14.5
2022-09-26,Bengaluru,26.4,19.4,22.3,3.0,79,16.3
2022-09-27,Bengaluru,27.6,19.9,23.0,1.2,77,16.4
2022-09-28,Bengaluru,27.9,19.9,23.5,0.3,72,14.3
2022-09-29,Bengaluru,27.9,18.8,22.8,0.0,75,17.1
2022-09-30,Bengaluru,24.9,18.7,21.2,8.1,86,19.7
2022-10-01,Bengaluru,22.9,19.5,20.6,6.0,91,17.9
2022-10-02,Bengaluru,26.9,19.5,22.0,0.9,84,20.4
2022-10-03,Bengaluru,26.8,18.6,22.4,0.7,80,19.2
2022-10-04,Bengaluru,26.8,18.5,22.3,0.2,79,19.0
2022-10-05,Bengaluru,27.3,19.0,22.6,1.2,80,17.9
2022-10-06,Bengaluru,25.7,19.1,21.5,5.5,85,16.8
2022-10-07,Bengaluru,26.8,17.7,21.8,1.1,78,14.5
2022-10-08,Bengaluru,27.0,16.5,22.1,0.1,75,11.3
2022-10-09,Bengaluru,26.1,18.8,21.6,15.9,88,13.8
2022-10-10,Bengaluru,26.8,19.3,21.9,9.7,87,9.4
2022-10-11,Bengaluru,25.9,19.7,22.1,6.5,87,13.9
2022-10-12,Bengaluru,26.1,18.8,21.4,23.6,89,10.8
2022-10-13,Bengaluru,26.4,18.7,21.8,21.9,86,9.8
2022-10-14,Bengaluru,26.5,19.0,21.9,8.2,86,10.3
2022-10-15,Bengaluru,27.4,18.8,22.3,7.8,84,13.8
2022-10-16,Bengaluru,26.6,18.9,22.0,17.1,87,13.8
2022-10-17,Bengaluru,27.3,19.5,22.3,2.7,86,16.2
2022-10-18,Bengaluru,26.4,19.0,21.9,2.9,86,9.7
2022-10-19,Bengaluru,27.2,18.2,21.9,6.5,85,7.2
2022-10-20,Bengaluru,26.9,18.2,21.6,10.7,87,15.3
2022-10-21,Bengaluru,27.1,18.1,21.6,2.7,86,18.9
2022-10-22,Bengaluru,26.8,17.5,21.5,0.0,79,16.8
2022-10-23,Bengaluru,25.7,16.1,20.4,0.0,73,13.6
2022-10-24,Bengaluru,25.0,14.9,19.5,0.0,64,15.7
2022-10-25,Bengaluru,25.1,13.8,19.7,0.0,60,10.7
2022-10-26,Bengaluru,25.6,14.6,20.1,0.0,66,10.3
2022-10-27,Bengaluru,27.1,15.4,20.7,0.0,62,12.4
2022-10-28,Bengaluru,25.9,17.2,20.9,0.3,79,15.5
2022-10-29,Bengaluru,26.0,18.1,21.6,1.0,81,19.0
2022-10-30,Bengaluru,25.9,18.4,21.4,1.5,84,17.6
2022-10-31,Bengaluru,26.4,17.7,21.3,0.0,74,16.5
2022-11-01,Bengaluru,24.6,17.1,20.1,14.0,88,16.4
2022-11-02,Bengaluru,23.7,17.5,19.8,9.9,91,19.4
2022-11-03,Bengaluru,25.2,18.6,21.3,0.3,83,19.1
2022-11-04,Bengaluru,26.7,18.9,21.9,1.3,81,20.0
2022-11-05,Bengaluru,26.9,19.0,21.9,0.5,80,18.7
2022-11-06,Bengaluru,26.2,17.8,21.4,0.4,80,18.5
2022-11-07,Bengaluru,26.3,17.2,21.0,0.0,71,15.2
2022-11-08,Bengaluru,27.1,17.1,21.4,0.0,73,15.9
2022-11-09,Bengaluru,26.9,16.3,21.0,0.0,67,13.9
2022-11-10,Bengaluru,27.2,16.6,21.2,0.3,75,17.7
2022-11-11,Bengaluru,21.9,18.0,19.4,20.5,87,23.9
2022-11-12,Bengaluru,23.1,18.6,20.5,3.0,88,26.8
2022-11-13,Bengaluru,24.5,18.7,21.0,2.0,89,23.6
2022-11-14,Bengaluru,26.6,18.4,21.4,1.5,83,16.3
2022-11-15,Bengaluru,25.9,18.3,21.4,1.5,82,12.6
2022-11-16,Bengaluru,26.8,18.0,21.7,0.0,75,11.2
2022-11-17,Bengaluru,25.9,14.8,19.9,0.0,66,13.0
2022-11-18,Bengaluru,25.8,13.4,19.1,0.0,57,14.3
2022-11-19,Bengaluru,25.4,13.1,18.9,0.0,63,16.8
2022-11-20,Bengaluru,24.7,13.0,18.6,0.0,68,13.4
2022-11-21,Bengaluru,25.0,13.8,19.3,0.1,63,13.8
2022-11-22,Bengaluru,24.7,16.7,20.0,1.8,84,15.6
2022-11-23,Bengaluru,24.1,18.4,20.4,8.3,91,8.3
2022-11-24,Bengaluru,26.4,19.2,21.2,3.7,89,16.4
2022-11-25,Bengaluru,26.7,18.2,21.7,0.4,81,15.3
2022-11-26,Bengaluru,27.3,18.0,21.6,0.0,79,11.5
2022-11-27,Bengaluru,26.8,18.6,22.1,0.8,79,11.5
2022-11-28,Bengaluru,27.3,18.8,22.3,0.9,77,9.1
2022-11-29,Bengaluru,27.3,18.2,22.0,0.1,72,12.6
2022-11-30,Bengaluru,26.1,15.8,20.1,0.0,71,12.3
2022-12-01,Bengaluru,26.4,16.6,21.0,0.7,82,17.7
2022-12-02,Bengaluru,26.9,19.0,22.3,0.0,77,14.2
2022-12-03,Bengaluru,27.3,18.4,22.2,0.3,79,17.7
2022-12-04,Bengaluru,27.7,19.2,22.6,0.0,73,17.2
2022-12-05,Bengaluru,27.2,17.1,21.7,0.0,76,20.8
2022-12-06,Bengaluru,27.1,17.9,21.9,0.0,72,14.4
2022-12-07,Bengaluru,27.1,16.5,20.5,0.0,64,16.5
2022-12-08,Bengaluru,25.7,16.0,20.6,0.2,58,18.4
2022-12-09,Bengaluru,20.5,15.8,18.0,3.4,69,21.6
2022-12-10,Bengaluru,18.5,16.6,17.7,32.5,96,25.8
2022-12-11,Bengaluru,21.9,17.9,19.5,4.5,88,14.8
2022-12-12,Bengaluru,23.9,18.4,20.6,4.0,90,17.8
2022-12-13,Bengaluru,24.6,18.9,20.7,7.0,89,20.3
2022-12-14,Bengaluru,25.1,17.8,20.6,0.1,82,21.3
2022-12-15,Bengaluru,25.7,15.8,20.0,0.0,71,14.8
2022-12-16,Bengaluru,26.0,15.2,19.8,0.0,64,16.6
2022-12-17,Bengaluru,26.2,15.3,20.1,0.0,73,18.8
2022-12-18,Bengaluru,26.0,16.6,20.6,0.0,81,21.0
2022-12-19,Bengaluru,24.7,16.6,19.9,0.1,75,17.1
2022-12-20,Bengaluru,26.4,14.9,19.8,0.0,74,16.4
2022-12-21,Bengaluru,25.8,14.9,19.3,0.0,68,16.2
2022-12-22,Bengaluru,25.8,14.3,19.2,0.0,68,19.2
2022-12-23,Bengaluru,26.4,13.3,19.3,0.0,69,14.5
2022-12-24,Bengaluru,26.7,12.9,19.3,0.0,65,15.3
2022-12-25,Bengaluru,25.5,16.1,20.2,1.5,87,21.2
2022-12-26,Bengaluru,26.4,19.1,21.6,0.8,84,19.6
2022-12-27,Bengaluru,26.7,18.8,21.7,1.4,83,19.7
2022-12-28,Bengaluru,27.0,18.5,22.0,0.0,78,14.2
2022-12-29,Bengaluru,27.4,16.6,21.0,0.0,72,14.1
2022-12-30,Bengaluru,27.2,15.8,20.7,0.0,68,13.9
2022-12-31,Bengaluru,27.2,14.8,20.3,0.0,64,10.4
2023-01-01,Bengaluru,27.5,14.9,20.7,0.0,63,16.0
2023-01-02,Bengaluru,26.7,15.5,20.5,0.0,64,16.2
2023-01-03,Bengaluru,26.5,14.9,20.0,0.0,70,14.1
2023-01-04,Bengaluru,26.4,16.0,20.4,0.0,71,17.0
2023-01-05,Bengaluru,25.1,15.8,20.0,0.1,75,20.4
2023-01-06,Bengaluru,26.8,15.0,19.8,0.0,73,22.9
2023-01-07,Bengaluru,26.6,15.3,20.3,0.0,69,18.1
2023-01-08,Bengaluru,26.7,15.8,20.3,0.0,68,15.0
2023-01-09,Bengaluru,26.1,14.5,19.0,0.0,59,14.4
2023-01-10,Bengaluru,26.6,12.7,18.4,0.0,64,17.1
2023-01-11,Bengaluru,27.2,11.9,18.7,0.0,60,14.7
2023-01-12,Bengaluru,28.2,12.8,19.7,0.0,56,13.5
2023-01-13,Bengaluru,28.4,12.3,19.7,0.0,57,14.1
2023-01-14,Bengaluru,29.0,13.4,19.9,0.0,55,13.9
2023-01-15,Bengaluru,28.4,12.0,19.7,0.0,54,14.2
2023-01-16,Bengaluru,29.0,12.5,20.1,0.0,59,17.0
2023-01-17,Bengaluru,28.6,14.1,20.0,0.0,61,16.0
2023-01-18,Bengaluru,27.5,13.5,19.3,0.0,66,14.8
2023-01-19,Bengaluru,27.1,13.7,19.4,0.0,62,14.2
2023-01-20,Bengaluru,26.5,13.5,19.4,0.0,71,16.7
2023-01-21,Bengaluru,26.6,16.6,21.0,0.0,67,16.6
2023-01-22,Bengaluru,26.7,14.7,20.2,0.0,63,17.9
2023-01-23,Bengaluru,27.4,14.9,20.4,0.0,72,16.6
2023-01-24,Bengaluru,27.9,17.9,21.9,0.0,69,17.6
2023-01-25,Bengaluru,27.8,16.1,20.7,0.0,64,16.7
2023-01-26,Bengaluru,27.8,15.0,20.4,0.0,65,16.5
2023-01-27,Bengaluru,28.3,15.3,20.7,0.0,64,14.4
2023-01-28,Bengaluru,27.9,13.9,20.1,0.0,57,16.6
2023-01-29,Bengaluru,27.7,13.5,20.5,0.0,60,22.8
2023-01-30,Bengaluru,27.2,17.0,21.4,2.3,76,15.0
2023-01-31,Bengaluru,29.1,17.5,22.1,0.0,64,19.7
2023-02-01,Bengaluru,28.4,15.7,21.7,0.0,57,20.5
2023-02-02,Bengaluru,29.0,17.3,22.2,0.0,52,26.0
2023-02-03,Bengaluru,26.6,16.4,21.5,0.0,60,23.2
2023-02-04,Bengaluru,29.2,17.0,22.5,0.0,56,20.6
2023-02-05,Bengaluru,30.1,16.5,22.7,0.0,51,16.4
2023-02-06,Bengaluru,29.4,15.9,22.1,0.0,50,15.5
2023-02-07,Bengaluru,29.7,16.0,22.5,0.0,58,10.5
2023-02-08,Bengaluru,30.9,17.0,23.4,0.0,54,15.9
2023-02-09,Bengaluru,30.3,16.9,23.0,0.0,53,15.9
2023-02-10,Bengaluru,30.2,16.3,22.7,0.0,49,18.2
2023-02-11,Bengaluru,30.3,14.8,22.4,0.0,45,15.6
2023-02-12,Bengaluru,31.0,16.1,23.0,0.0,44,17.7
2023-02-13,Bengaluru,30.5,16.4,23.0,0.0,41,21.1
2023-02-14,Bengaluru,30.5,15.6,22.5,0.0,41,14.0
2023-02-15,Bengaluru,30.6,14.7,22.5,0.0,42,16.9
2023-02-16,Bengaluru,30.5,15.7,22.8,0.0,43,19.5
2023-02-17,Bengaluru,30.4,15.5,22.6,0.0,46,18.1
2023-02-18,Bengaluru,30.2,14.8,22.6,0.0,46,13.9
2023-02-19,Bengaluru,29.9,15.4,22.5,0.0,54,13.8
2023-02-20,Bengaluru,30.0,16.4,22.9,0.0,53,14.5
2023-02-21,Bengaluru,31.1,16.9,23.4,0.0,42,16.6
2023-02-22,Bengaluru,31.1,16.7,23.5,0.0,42,15.7
2023-02-23,Bengaluru,31.0,15.1,22.6,0.0,40,20.3
2023-02-24,Bengaluru,31.4,14.2,22.5,0.0,41,16.9
2023-02-25,Bengaluru,31.7,15.4,23.5,0.0,38,21.1
2023-02-26,Bengaluru,30.5,16.4,23.1,0.0,33,21.3
2023-02-27,Bengaluru,29.9,13.9,21.7,0.0,40,21.0
2023-02-28,Bengaluru,30.7,14.2,22.1,0.0,48,22.0
2023-03-01,Bengaluru,30.0,18.2,23.5,0.0,55,20.4
2023-03-02,Bengaluru,30.1,15.2,22.6,0.0,42,24.2
2023-03-03,Bengaluru,31.0,15.0,22.8,0.0,30,26.8
2023-03-04,Bengaluru,31.0,16.2,23.5,0.0,27,25.9
2023-03-05,Bengaluru,31.3,17.2,23.9,0.0,31,21.1
2023-03-06,Bengaluru,31.2,16.8,23.8,0.0,32,23.1
2023-03-07,Bengaluru,31.0,16.1,23.5,0.0,34,23.4
2023-03-08,Bengaluru,30.8,16.2,23.6,0.0,43,22.1
2023-03-09,Bengaluru,30.5,16.0,23.3,0.0,39,20.2
2023-03-10,Bengaluru,30.4,16.5,23.1,0.0,44,19.8
2023-03-11,Bengaluru,31.4,15.7,23.6,0.0,41,22.1
2023-03-12,Bengaluru,31.2,15.3,23.4,0.0,53,19.2
2023-03-13,Bengaluru,31.8,17.5,24.7,0.0,50,16.6
2023-03-14,Bengaluru,32.7,18.0,25.5,0.0,42,18.5
2023-03-15,Bengaluru,32.6,18.3,25.5,0.0,48,17.1
2023-03-16,Bengaluru,30.7,20.0,24.4,1.2,67,12.6
2023-03-17,Bengaluru,29.4,19.2,22.9,3.9,75,20.3
2023-03-18,Bengaluru,30.0,18.9,23.1,12.4,72,16.7
2023-03-19,Bengaluru,30.4,17.7,23.0,6.7,68,17.3
2023-03-20,Bengaluru,31.4,17.0,23.7,0.0,53,21.6
2023-03-21,Bengaluru,31.4,18.1,24.0,0.0,46,11.9
2023-03-22,Bengaluru,31.7,18.1,24.9,0.0,54,10.8
2023-03-23,Bengaluru,33.6,19.3,26.0,0.0,47,11.4
2023-03-24,Bengaluru,33.0,19.9,26.2,0.0,56,14.1
2023-03-25,Bengaluru,30.8,19.6,24.7,1.3,65,14.4
2023-03-26,Bengaluru,31.0,20.7,25.8,0.4,58,10.7
2023-03-27,Bengaluru,35.5,20.2,26.9,0.0,44,18.4
2023-03-28,Bengaluru,34.7,20.4,27.1,0.0,47,12.9
2023-03-29,Bengaluru,32.3,21.3,25.7,5.7,67,12.2
2023-03-30,Bengaluru,32.2,20.9,25.7,0.6,57,18.7
2023-03-31,Bengaluru,31.4,19.8,25.6,0.2,58,13.7
2023-04-01,Bengaluru,29.7,21.5,25.1,1.5,59,15.0
2023-04-02,Bengaluru,33.8,20.1,26.4,0.0,52,12.3
2023-04-03,Bengaluru,32.9,19.7,26.1,0.0,56,15.6
2023-04-04,Bengaluru,31.1,20.9,24.3,0.6,68,16.3
2023-04-05,Bengaluru,32.5,19.1,26.0,0.0,53,14.0
2023-04-06,Bengaluru,31.2,20.6,25.8,0.2,59,14.4
2023-04-07,Bengaluru,32.1,20.3,25.9,0.0,54,16.8
2023-04-08,Bengaluru,32.2,19.5,25.5,0.0,49,19.9
2023-04-09,Bengaluru,32.4,18.3,25.2,0.0,50,13.6
2023-04-10,Bengaluru,32.9,19.4,26.2,0.0,54,21.1
2023-04-11,Bengaluru,33.6,18.8,26.3,0.0,45,14.6
2023-04-12,Bengaluru,34.7,18.6,26.6,0.0,35,19.2
2023-04-13,Bengaluru,35.1,18.9,27.1,0.0,33,20.5
2023-04-14,Bengaluru,35.2,20.1,27.4,0.0,31,21.7
2023-04-15,Bengaluru,34.0,19.7,27.0,0.0,33,18.8
2023-04-16,Bengaluru,34.3,19.5,27.0,0.0,31,15.0
2023-04-17,Bengaluru,34.6,19.5,27.2,0.0,34,17.1
2023-04-18,Bengaluru,34.9,20.5,27.9,0.0,33,17.0
2023-04-19,Bengaluru,35.5,21.0,28.1,0.0,38,15.8
2023-04-20,Bengaluru,34.9,20.6,28.1,0.0,42,10.4
2023-04-21,Bengaluru,33.9,21.4,27.6,0.0,50,8.8
2023-04-22,Bengaluru,33.4,21.1,27.5,0.0,51,10.1
2023-04-23,Bengaluru,33.3,21.4,27.2,0.0,55,13.4
2023-04-24,Bengaluru,33.8,21.5,27.1,0.1,57,17.6
2023-04-25,Bengaluru,32.1,22.1,26.3,2.1,65,15.8
2023-04-26,Bengaluru,33.2,21.1,26.2,0.8,62,14.4
2023-04-27,Bengaluru,33.7,21.1,27.0,0.1,59,16.4
2023-04-28,Bengaluru,32.8,21.3,26.9,0.3,59,16.6
2023-04-29,Bengaluru,31.8,20.9,24.9,4.5,70,18.2
2023-04-30,Bengaluru,31.9,20.3,24.8,17.8,74,11.4
2023-05-01,Bengaluru,29.5,19.4,23.3,3.8,78,13.7
2023-05-02,Bengaluru,29.6,20.6,23.9,2.5,80,10.2
2023-05-03,Bengaluru,27.0,19.8,22.9,5.2,82,14.6
2023-05-04,Bengaluru,28.6,19.8,24.1,1.0,75,18.4
2023-05-05,Bengaluru,27.7,20.0,23.5,0.7,77,11.4
2023-05-06,Bengaluru,29.8,20.4,23.8,8.7,77,11.5
2023-05-07,Bengaluru,26.1,20.1,23.1,4.1,84,14.8
2023-05-08,Bengaluru,29.3,21.0,23.7,19.8,83,9.6
2023-05-09,Bengaluru,31.0,19.1,24.7,9.6,78,13.1
2023-05-10,Bengaluru,32.0,19.4,25.7,0.0,73,11.8
2023-05-11,Bengaluru,32.6,20.4,25.3,6.7,74,12.0
2023-05-12,Bengaluru,31.8,20.9,26.0,0.2,69,15.1
2023-05-13,Bengaluru,30.9,21.5,25.3,2.1,77,18.1
2023-05-14,Bengaluru,32.4,20.5,26.2,0.0,67,19.2
2023-05-15,Bengaluru,33.0,21.2,26.2,0.0,65,16.7
2023-05-16,Bengaluru,33.0,19.8,26.3,0.0,62,11.9
2023-05-17,Bengaluru,32.6,21.9,27.4,0.0,51,11.0
2023-05-18,Bengaluru,34.2,21.5,27.8,0.1,54,12.3
2023-05-19,Bengaluru,34.2,21.7,27.7,0.0,55,19.3
2023-05-20,Bengaluru,33.3,21.2,26.6,0.1,66,14.0
2023-05-21,Bengaluru,31.6,21.8,24.7,7.3,77,13.1
2023-05-22,Bengaluru,31.6,20.4,24.9,1.6,75,11.4
2023-05-23,Bengaluru,32.4,19.8,25.6,1.0,70,11.3
2023-05-24,Bengaluru,31.8,21.1,25.3,6.6,74,14.5
2023-05-25,Bengaluru,31.3,20.9,25.2,1.4,74,18.2
2023-05-26,Bengaluru,31.3,20.8,25.2,0.0,73,15.9
2023-05-27,Bengaluru,31.4,20.5,25.5,0.5,72,12.9
2023-05-28,Bengaluru,32.3,21.1,26.4,0.0,65,11.5
2023-05-29,Bengaluru,32.6,21.4,26.6,1.8,63,13.6
2023-05-30,Bengaluru,30.0,21.5,24.1,36.6,81,16.5
2023-05-31,Bengaluru,30.6,21.2,24.5,20.3,79,9.9
2023-06-01,Bengaluru,31.0,20.7,25.1,3.1,77,10.9
2023-06-02,Bengaluru,30.3,20.8,25.1,0.0,75,18.3
2023-06-03,Bengaluru,31.6,20.9,25.8,0.4,72,16.9
2023-06-04,Bengaluru,30.0,21.2,25.1,0.0,76,18.4
2023-06-05,Bengaluru,30.8,21.0,25.6,0.1,70,16.7
2023-06-06,Bengaluru,31.3,21.3,26.1,0.3,68,19.1
2023-06-07,Bengaluru,31.6,21.2,26.1,0.0,70,16.5
2023-06-08,Bengaluru,31.6,20.6,26.0,0.0,68,17.3
2023-06-09,Bengaluru,31.4,20.3,25.0,5.5,73,20.3
2023-06-10,Bengaluru,30.8,20.1,24.6,0.7,74,25.9
2023-06-11,Bengaluru,30.8,20.6,24.9,0.2,73,23.1
2023-06-12,Bengaluru,30.5,20.3,24.6,13.0,77,19.0
2023-06-13,Bengaluru,30.8,20.1,24.5,1.8,76,19.1
2023-06-14,Bengaluru,30.7,20.0,24.7,1.1,73,21.0
2023-06-15,Bengaluru,31.6,19.9,25.5,0.0,68,17.7
2023-06-16,Bengaluru,32.0,20.8,26.0,0.0,65,19.5
2023-06-17,Bengaluru,31.4,19.9,25.2,0.2,69,17.8
2023-06-18,Bengaluru,30.8,21.2,24.8,1.0,73,22.2
2023-06-19,Bengaluru,28.4,20.5,24.1,2.4,78,18.1
2023-06-20,Bengaluru,26.3,21.4,22.8,18.5,89,14.8
2023-06-21,Bengaluru,29.4,20.3,23.9,13.6,83,12.5
2023-06-22,Bengaluru,29.1,20.8,23.6,3.7,81,17.9
2023-06-23,Bengaluru,28.9,20.3,23.7,0.5,80,18.6
2023-06-24,Bengaluru,28.1,20.3,23.4,3.6,80,23.4
2023-06-25,Bengaluru,29.1,19.3,23.4,0.9,80,19.8
2023-06-26,Bengaluru,28.7,20.2,23.6,0.2,76,22.0
2023-06-27,Bengaluru,28.8,19.4,23.2,2.3,80,23.7
2023-06-28,Bengaluru,28.9,19.8,23.7,2.4,77,23.7
2023-06-29,Bengaluru,28.7,19.5,23.4,9.1,78,27.0
2023-06-30,Bengaluru,29.8,20.1,24.2,1.7,74,24.6
2023-07-01,Bengaluru,29.3,19.8,24.5,0.7,73,19.4
2023-07-02,Bengaluru,28.9,20.5,23.8,4.7,78,22.0
2023-07-03,Bengaluru,28.9,20.3,23.2,8.3,82,23.6
2023-07-04,Bengaluru,26.4,20.0,22.1,14.9,88,26.8
2023-07-05,Bengaluru,26.5,20.1,21.8,12.3,89,31.5
2023-07-06,Bengaluru,25.2,19.6,21.3,15.3,90,26.9
2023-07-07,Bengaluru,26.7,19.4,22.4,4.9,85,28.0
2023-07-08,Bengaluru,26.9,19.9,22.3,1.8,84,24.7
2023-07-09,Bengaluru,27.9,20.1,22.9,4.6,83,20.5
2023-07-10,Bengaluru,26.4,19.6,22.6,4.3,86,18.7
2023-07-11,Bengaluru,26.0,20.0,22.4,0.7,86,18.4
2023-07-12,Bengaluru,28.0,19.4,23.0,1.7,84,17.6
2023-07-13,Bengaluru,25.4,19.6,21.9,6.2,89,21.1
2023-07-14,Bengaluru,27.5,19.8,22.7,2.4,84,22.7
2023-07-15,Bengaluru,28.1,19.3,23.2,0.6,81,23.6
2023-07-16,Bengaluru,27.7,19.6,23.3,1.3,81,18.6
2023-07-17,Bengaluru,27.5,19.5,23.2,2.5,79,23.2
2023-07-18,Bengaluru,27.9,20.4,23.6,0.8,75,31.0
2023-07-19,Bengaluru,26.6,20.4,22.8,1.1,76,32.4
2023-07-20,Bengaluru,27.2,20.4,23.1,1.6,75,39.3
2023-07-21,Bengaluru,27.6,20.1,23.1,2.3,77,34.6
2023-07-22,Bengaluru,25.6,20.6,22.4,8.4,83,31.4
2023-07-23,Bengaluru,26.0,20.3,22.1,9.7,87,31.4
2023-07-24,Bengaluru,25.7,19.8,21.6,12.7,88,30.0
2023-07-25,Bengaluru,23.4,19.8,21.2,13.5,92,25.8
2023-07-26,Bengaluru,23.2,19.3,20.8,19.3,92,25.6
2023-07-27,Bengaluru,27.1,19.6,22.3,2.3,81,28.2
2023-07-28,Bengaluru,28.2,19.0,22.8,1.5,77,29.3
2023-07-29,Bengaluru,27.8,19.5,22.9,1.0,77,28.2
2023-07-30,Bengaluru,28.0,18.6,23.0,0.7,77,26.8
2023-07-31,Bengaluru,28.7,19.4,23.4,1.3,79,23.5
2023-08-01,Bengaluru,28.2,19.7,23.5,0.4,76,27.2
2023-08-02,Bengaluru,28.0,19.5,23.3,0.0,73,29.5
2023-08-03,Bengaluru,28.0,19.6,23.5,1.0,74,28.8
2023-08-04,Bengaluru,28.6,19.1,23.2,1.1,78,26.7
2023-08-05,Bengaluru,28.7,19.4,23.6,1.2,77,23.5
2023-08-06,Bengaluru,28.8,19.4,24.0,0.3,76,17.1
2023-08-07,Bengaluru,29.0,19.5,23.8,0.9,76,18.5
2023-08-08,Bengaluru,28.9,19.2,23.4,0.6,77,17.5
2023-08-09,Bengaluru,29.1,19.2,23.8,1.1,77,15.0
2023-08-10,Bengaluru,28.7,19.9,24.0,0.5,77,13.7
2023-08-11,Bengaluru,28.4,20.3,24.3,0.6,74,15.0
2023-08-12,Bengaluru,29.7,20.1,24.6,0.3,71,18.2
2023-08-13,Bengaluru,29.3,19.6,24.3,0.1,70,15.8
2023-08-14,Bengaluru,29.2,20.6,24.5,0.4,70,15.0
2023-08-15,Bengaluru,29.4,19.0,24.1,0.5,67,14.5
2023-08-16,Bengaluru,30.8,19.1,24.7,0.0,66,15.5
2023-08-17,Bengaluru,30.7,20.1,24.7,0.6,69,20.6
2023-08-18,Bengaluru,30.1,19.8,24.3,1.1,68,23.0
2023-08-19,Bengaluru,28.9,19.9,23.0,7.3,79,25.2
2023-08-20,Bengaluru,30.0,19.4,24.2,0.8,71,19.3
2023-08-21,Bengaluru,30.5,19.4,24.7,0.0,69,15.8
2023-08-22,Bengaluru,30.7,20.3,24.9,0.8,71,12.1
2023-08-23,Bengaluru,30.6,20.5,25.1,0.0,67,11.7
2023-08-24,Bengaluru,30.5,20.0,24.8,0.0,64,13.4
2023-08-25,Bengaluru,31.0,19.7,24.9,0.0,64,13.9
2023-08-26,Bengaluru,31.0,19.9,24.5,3.8,75,16.2
2023-08-27,Bengaluru,30.6,20.5,25.0,0.1,71,11.9
2023-08-28,Bengaluru,31.4,20.5,25.6,0.0,62,15.2
2023-08-29,Bengaluru,31.0,20.8,25.4,0.7,66,16.1
2023-08-30,Bengaluru,31.4,19.9,24.9,12.5,70,15.5
2023-08-31,Bengaluru,28.8,19.9,23.9,8.8,80,10.4
2023-09-01,Bengaluru,30.2,20.0,24.3,9.2,79,13.7
2023-09-02,Bengaluru,29.2,20.2,23.4,11.8,84,19.6
2023-09-03,Bengaluru,28.3,20.0,23.7,0.0,73,15.8
2023-09-04,Bengaluru,26.9,20.3,22.8,1.2,76,26.6
2023-09-05,Bengaluru,25.8,19.5,22.1,1.5,78,20.2
2023-09-06,Bengaluru,28.2,20.4,23.2,1.3,81,19.9
2023-09-07,Bengaluru,28.7,20.4,23.3,4.7,81,19.5
2023-09-08,Bengaluru,28.1,20.2,23.4,2.1,80,23.9
2023-09-09,Bengaluru,29.0,19.7,23.6,1.1,79,21.7
2023-09-10,Bengaluru,28.6,19.5,23.7,2.0,75,23.4
2023-09-11,Bengaluru,27.6,19.6,23.4,1.6,78,20.4
2023-09-12,Bengaluru,28.8,20.0,23.6,2.5,76,22.5
2023-09-13,Bengaluru,28.9,19.2,23.0,4.1,80,21.7
2023-09-14,Bengaluru,28.8,19.1,22.9,0.6,81,19.9
2023-09-15,Bengaluru,28.8,19.7,23.1,3.5,82,22.3
2023-09-16,Bengaluru,28.6,20.0,23.5,5.8,79,25.4
2023-09-17,Bengaluru,26.8,19.9,22.5,7.5,85,18.8
2023-09-18,Bengaluru,28.8,19.5,22.8,4.8,84,25.8
2023-09-19,Bengaluru,28.7,19.7,23.4,1.0,78,17.3
2023-09-20,Bengaluru,28.7,19.1,23.3,0.3,80,17.8
2023-09-21,Bengaluru,27.0,19.6,23.2,0.2,83,11.7
2023-09-22,Bengaluru,28.6,19.6,23.2,6.2,84,16.3
2023-09-23,Bengaluru,29.0,19.9,23.6,6.5,82,12.8
2023-09-24,Bengaluru,27.1,19.9,23.0,7.5,83,18.4
2023-09-25,Bengaluru,26.9,19.5,22.8,1.1,84,19.6
2023-09-26,Bengaluru,28.4,19.5,23.3,1.8,81,14.9
2023-09-27,Bengaluru,27.9,19.7,23.0,11.5,82,18.4
2023-09-28,Bengaluru,27.1,19.0,21.9,9.4,88,19.7
2023-09-29,Bengaluru,27.5,19.8,22.4,5.7,85,24.0
2023-09-30,Bengaluru,28.2,19.5,23.0,2.7,83,25.7
2023-10-01,Bengaluru,27.5,20.3,23.0,1.1,81,26.6
2023-10-02,Bengaluru,28.1,19.8,23.5,0.3,76,23.1
2023-10-03,Bengaluru,28.2,19.1,23.2,0.1,77,13.6
2023-10-04,Bengaluru,28.2,19.0,23.5,0.4,76,10.3
2023-10-05,Bengaluru,27.5,19.7,23.6,2.2,76,13.0
2023-10-06,Bengaluru,29.5,20.2,24.5,1.5,71,9.7
2023-10-07,Bengaluru,29.3,20.0,24.2,0.8,76,11.2
2023-10-08,Bengaluru,29.7,20.2,23.9,14.4,80,12.0
2023-10-09,Bengaluru,27.8,19.2,22.8,19.3,87,12.2
2023-10-10,Bengaluru,28.7,19.5,23.3,1.9,83,9.2
2023-10-11,Bengaluru,29.2,19.8,24.0,1.0,76,10.0
2023-10-12,Bengaluru,30.0,19.9,24.1,0.3,69,13.7
2023-10-13,Bengaluru,29.4,18.5,23.4,0.0,60,14.5
2023-10-14,Bengaluru,29.2,18.4,23.7,0.0,69,12.6
2023-10-15,Bengaluru,30.7,19.2,24.2,0.0,68,14.4
2023-10-16,Bengaluru,30.0,20.8,24.3,0.4,73,19.1
2023-10-17,Bengaluru,30.0,20.5,24.5,0.3,70,15.5
2023-10-18,Bengaluru,30.4,19.1,24.3,0.0,59,16.7
2023-10-19,Bengaluru,30.8,17.6,24.1,0.0,59,16.9
2023-10-20,Bengaluru,31.1,18.9,24.7,0.0,60,17.4
2023-10-21,Bengaluru,31.4,19.8,25.0,0.0,62,20.0
2023-10-22,Bengaluru,31.6,19.1,24.9,0.0,58,13.8
2023-10-23,Bengaluru,30.4,18.3,23.9,0.0,44,13.7
2023-10-24,Bengaluru,29.9,17.0,23.5,0.0,38,11.5
2023-10-25,Bengaluru,30.0,17.1,23.5,0.0,48,14.5
2023-10-26,Bengaluru,30.0,16.5,23.7,0.0,50,13.8
2023-10-27,Bengaluru,30.7,18.6,24.4,0.0,59,15.4
2023-10-28,Bengaluru,30.9,20.3,25.0,0.0,66,15.9
2023-10-29,Bengaluru,29.5,20.2,23.4,6.1,78,17.0
2023-10-30,Bengaluru,28.7,19.5,23.3,4.1,78,18.5
2023-10-31,Bengaluru,28.8,19.5,22.9,1.4,78,16.9
2023-11-01,Bengaluru,29.4,18.9,23.5,1.3,73,13.7
2023-11-02,Bengaluru,29.6,18.4,23.2,0.6,78,17.8
2023-11-03,Bengaluru,30.0,20.7,23.6,2.0,78,17.8
2023-11-04,Bengaluru,28.0,19.6,22.6,4.8,84,19.0
2023-11-05,Bengaluru,27.8,19.3,22.2,22.6,85,13.1
2023-11-06,Bengaluru,27.8,19.0,22.4,26.6,85,9.4
2023-11-07,Bengaluru,27.1,18.9,22.0,9.2,87,16.3
2023-11-08,Bengaluru,27.4,20.1,22.4,13.2,85,13.6
2023-11-09,Bengaluru,27.2,19.6,22.2,6.4,84,17.3
2023-11-10,Bengaluru,27.3,19.6,22.8,0.9,79,18.4
2023-11-11,Bengaluru,28.1,16.9,21.9,0.0,67,18.5
2023-11-12,Bengaluru,27.6,15.9,21.3,0.0,69,21.3
2023-11-13,Bengaluru,27.2,16.0,21.5,0.0,69,21.4
2023-11-14,Bengaluru,24.1,18.0,20.8,0.7,78,19.1
2023-11-15,Bengaluru,27.4,18.2,22.0,1.0,76,15.6
2023-11-16,Bengaluru,28.8,18.4,23.3,0.0,66,15.0
2023-11-17,Bengaluru,29.7,19.0,23.4,0.0,72,15.7
2023-11-18,Bengaluru,29.4,18.9,23.6,0.0,70,16.2
2023-11-19,Bengaluru,29.2,17.3,22.7,0.0,67,19.4
2023-11-20,Bengaluru,28.7,17.4,22.3,0.1,74,18.9
2023-11-21,Bengaluru,28.4,19.0,22.7,3.5,80,19.7
2023-11-22,Bengaluru,28.2,19.8,23.0,1.7,83,14.0
2023-11-23,Bengaluru,27.1,19.6,22.1,5.4,85,16.7
2023-11-24,Bengaluru,27.2,19.5,22.2,3.7,83,18.5
2023-11-25,Bengaluru,27.5,19.5,22.5,1.5,80,22.0
2023-11-26,Bengaluru,26.8,18.7,22.0,0.6,79,23.8
2023-11-27,Bengaluru,26.5,19.4,22.3,1.9,80,19.3
2023-11-28,Bengaluru,27.7,19.4,22.6,0.7,78,16.3
2023-11-29,Bengaluru,28.2,19.7,22.5,0.5,78,19.8
2023-11-30,Bengaluru,27.9,18.5,22.4,0.2,79,19.9
2023-12-01,Bengaluru,28.0,19.3,22.2,2.9,81,17.1
2023-12-02,Bengaluru,28.2,17.4,22.0,1.2,77,21.6
2023-12-03,Bengaluru,26.5,19.6,22.0,2.8,82,25.6
2023-12-04,Bengaluru,24.0,19.8,21.5,0.0,81,27.0
2023-12-05,Bengaluru,28.5,18.5,22.8,0.0,73,18.4
2023-12-06,Bengaluru,28.4,17.1,22.5,0.0,69,9.4
2023-12-07,Bengaluru,28.9,18.4,23.3,0.1,74,13.9
2023-12-08,Bengaluru,28.4,19.8,22.9,1.9,80,14.0
2023-12-09,Bengaluru,27.1,20.0,22.8,1.9,79,14.4
2023-12-10,Bengaluru,28.3,18.9,23.0,0.0,73,14.6
2023-12-11,Bengaluru,27.8,18.2,22.6,0.2,73,14.9
2023-12-12,Bengaluru,28.1,18.4,22.3,0.0,69,15.2
2023-12-13,Bengaluru,26.6,16.3,20.8,0.0,71,16.0
2023-12-14,Bengaluru,26.2,16.8,21.2,0.0,72,18.3
2023-12-15,Bengaluru,28.4,16.4,21.6,0.0,76,16.3
2023-12-16,Bengaluru,28.6,18.8,22.5,0.7,77,19.5
2023-12-17,Bengaluru,26.5,18.3,21.5,0.2,80,21.5
2023-12-18,Bengaluru,26.6,18.5,21.5,0.0,73,21.6
2023-12-19,Bengaluru,27.0,17.8,21.3,0.0,71,17.9
2023-12-20,Bengaluru,27.0,17.1,21.1,0.0,75,17.9
2023-12-21,Bengaluru,28.5,16.9,21.8,0.0,75,14.8
2023-12-22,Bengaluru,28.5,17.8,22.3,0.0,71,14.0
2023-12-23,Bengaluru,28.3,16.2,20.9,0.0,67,13.8
2023-12-24,Bengaluru,28.9,14.0,20.9,0.0,73,17.9
2023-12-25,Bengaluru,28.5,17.5,22.0,0.0,72,20.5
2023-12-26,Bengaluru,28.0,14.5,20.7,0.0,63,19.1
2023-12-27,Bengaluru,28.2,14.9,20.6,0.0,66,19.9
2023-12-28,Bengaluru,28.0,15.4,21.1,0.0,72,18.9
2023-12-29,Bengaluru,27.9,16.6,21.4,0.0,72,20.2
2023-12-30,Bengaluru,27.8,17.4,21.5,0.0,69,15.6
2023-12-31,Bengaluru,27.9,16.8,21.2,0.0,71,16.4
2024-01-01,Bengaluru,28.4,16.6,21.7,0.0,66,19.1
2024-01-02,Bengaluru,27.6,18.2,21.9,0.0,66,18.8
2024-01-03,Bengaluru,27.4,16.4,21.5,0.0,68,16.9
2024-01-04,Bengaluru,25.5,18.2,21.3,2.7,74,17.7
2024-01-05,Bengaluru,27.0,18.6,22.4,0.2,73,16.2
2024-01-06,Bengaluru,28.7,19.3,22.8,1.2,73,17.3
2024-01-07,Bengaluru,27.8,17.0,22.1,0.0,71,18.1
2024-01-08,Bengaluru,23.5,18.4,20.3,2.4,88,21.2
2024-01-09,Bengaluru,26.6,18.8,21.6,1.0,77,25.3
2024-01-10,Bengaluru,25.0,17.2,20.9,0.0,71,19.1
2024-01-11,Bengaluru,27.8,17.0,21.4,0.0,68,17.7
2024-01-12,Bengaluru,27.3,15.6,20.8,0.0,67,23.4
2024-01-13,Bengaluru,28.5,15.8,21.2,0.0,72,15.2
2024-01-14,Bengaluru,28.4,16.9,21.7,0.0,69,16.5
2024-01-15,Bengaluru,28.2,15.6,21.4,0.0,66,14.0
2024-01-16,Bengaluru,28.3,15.7,21.5,0.0,65,15.5
2024-01-17,Bengaluru,28.4,15.9,21.7,0.0,64,16.5
2024-01-18,Bengaluru,28.9,16.6,22.2,0.0,63,14.4
2024-01-19,Bengaluru,29.4,17.5,22.8,0.0,63,18.7
2024-01-20,Bengaluru,29.2,16.6,22.5,0.0,64,18.1
2024-01-21,Bengaluru,29.2,17.0,22.8,0.0,59,15.3
2024-01-22,Bengaluru,29.2,17.0,23.0,0.0,63,18.3
2024-01-23,Bengaluru,29.1,17.0,22.7,0.0,61,16.6
2024-01-24,Bengaluru,29.7,17.3,23.0,0.0,66,15.4
2024-01-25,Bengaluru,28.6,17.6,23.1,0.0,62,17.5
2024-01-26,Bengaluru,28.3,16.9,22.0,0.0,60,19.1
2024-01-27,Bengaluru,28.4,16.2,21.6,0.0,63,18.4
2024-01-28,Bengaluru,28.4,16.0,21.6,0.0,66,15.7
2024-01-29,Bengaluru,28.2,16.7,21.6,0.0,61,16.8
2024-01-30,Bengaluru,29.2,15.1,21.7,0.0,58,15.1
2024-01-31,Bengaluru,29.6,16.8,22.9,0.0,60,16.2
2024-02-01,Bengaluru,30.0,18.4,23.4,0.0,60,14.9
2024-02-02,Bengaluru,30.6,18.9,23.9,0.0,63,13.9
2024-02-03,Bengaluru,30.4,19.4,24.3,0.0,63,19.5
2024-02-04,Bengaluru,29.7,17.9,23.3,0.0,58,18.8
2024-02-05,Bengaluru,30.6,16.7,23.1,0.0,54,15.4
2024-02-06,Bengaluru,32.2,15.8,23.6,0.0,56,18.6
2024-02-07,Bengaluru,32.6,16.8,24.4,0.0,48,18.6
2024-02-08,Bengaluru,32.9,17.0,24.8,0.0,42,17.7
2024-02-09,Bengaluru,32.3,17.1,24.5,0.0,51,17.5
2024-02-10,Bengaluru,30.8,17.1,23.4,0.0,61,19.5
2024-02-11,Bengaluru,30.5,17.4,23.2,0.0,61,18.6
2024-02-12,Bengaluru,30.8,15.8,22.7,0.0,54,18.4
2024-02-13,Bengaluru,30.7,16.4,23.2,0.0,60,17.3
2024-02-14,Bengaluru,30.7,17.9,23.8,0.0,61,18.2
2024-02-15,Bengaluru,30.8,17.0,23.5,0.0,47,18.4
2024-02-16,Bengaluru,29.8,16.7,22.9,0.0,58,20.7
2024-02-17,Bengaluru,31.3,17.1,24.0,0.0,45,19.3
2024-02-18,Bengaluru,32.1,17.6,24.8,0.0,41,20.0
2024-02-19,Bengaluru,31.0,17.3,24.3,0.0,50,19.0
2024-02-20,Bengaluru,31.6,18.8,25.3,0.0,45,18.6
2024-02-21,Bengaluru,32.1,19.7,25.7,0.0,54,13.1
2024-02-22,Bengaluru,32.4,19.4,25.8,0.0,47,9.9
2024-02-23,Bengaluru,32.7,18.5,25.6,0.0,41,12.6
2024-02-24,Bengaluru,31.8,19.5,25.8,0.0,58,16.1
2024-02-25,Bengaluru,32.1,20.2,25.5,0.0,58,21.4
2024-02-26,Bengaluru,31.2,17.8,24.0,0.0,63,22.1
2024-02-27,Bengaluru,31.1,18.0,24.2,0.0,63,19.3
2024-02-28,Bengaluru,32.6,17.2,24.8,0.0,49,18.1
2024-02-29,Bengaluru,32.2,16.4,24.5,0.0,40,19.9
2024-03-01,Bengaluru,32.4,16.7,24.6,0.0,45,18.9
2024-03-02,Bengaluru,32.5,17.6,25.1,0.0,40,18.9
2024-03-03,Bengaluru,32.7,18.4,25.4,0.0,46,17.1
2024-03-04,Bengaluru,34.4,18.9,26.6,0.0,46,17.4
2024-03-05,Bengaluru,34.3,18.9,26.7,0.0,47,20.8
2024-03-06,Bengaluru,34.5,20.0,27.1,0.0,43,20.0
2024-03-07,Bengaluru,34.5,19.9,27.3,0.0,41,15.5
2024-03-08,Bengaluru,33.6,20.8,26.9,0.0,47,14.8
2024-03-09,Bengaluru,33.4,20.5,27.6,0.0,42,17.8
2024-03-10,Bengaluru,33.3,22.3,27.5,0.0,50,22.5
2024-03-11,Bengaluru,33.9,20.8,27.3,0.0,44,19.6
2024-03-12,Bengaluru,34.2,20.3,27.3,0.0,46,16.8
2024-03-13,Bengaluru,34.6,21.7,27.9,0.0,42,16.8
2024-03-14,Bengaluru,34.1,21.7,27.9,0.0,46,15.8
2024-03-15,Bengaluru,34.8,21.8,28.6,0.0,43,19.6
2024-03-16,Bengaluru,35.5,22.6,28.3,0.0,45,17.8
2024-03-17,Bengaluru,34.6,20.6,27.4,0.0,50,19.4
2024-03-18,Bengaluru,34.8,20.0,27.2,0.0,43,15.6
2024-03-19,Bengaluru,34.4,20.8,27.3,0.0,40,20.3
2024-03-20,Bengaluru,35.2,20.2,27.3,0.0,44,18.8
2024-03-21,Bengaluru,32.7,20.0,25.8,0.0,56,19.6
2024-03-22,Bengaluru,34.1,20.0,26.8,0.0,50,18.8
2024-03-23,Bengaluru,34.6,19.4,27.2,0.0,48,18.8
2024-03-24,Bengaluru,35.0,19.7,27.5,0.0,36,17.2
2024-03-25,Bengaluru,35.5,19.3,27.6,0.0,43,20.0
2024-03-26,Bengaluru,35.5,19.9,27.5,0.0,41,19.9
2024-03-27,Bengaluru,35.0,18.9,26.9,0.0,41,19.5
2024-03-28,Bengaluru,35.3,19.8,27.7,0.0,47,16.3
2024-03-29,Bengaluru,36.0,21.3,28.5,0.0,41,18.8
2024-03-30,Bengaluru,35.7,20.7,28.2,0.0,37,20.2
2024-03-31,Bengaluru,35.5,20.2,27.5,0.0,38,15.2
2024-04-01,Bengaluru,36.1,20.4,28.1,0.0,48,13.5
2024-04-02,Bengaluru,36.8,22.7,29.3,0.0,42,17.9
2024-04-03,Bengaluru,36.7,21.7,29.0,0.0,40,18.1
2024-04-04,Bengaluru,36.5,22.0,29.0,0.0,36,14.7
2024-04-05,Bengaluru,37.5,22.3,29.4,0.0,33,20.0
2024-04-06,Bengaluru,37.4,21.4,29.8,0.0,31,20.5
2024-04-07,Bengaluru,37.1,22.4,29.6,0.0,31,17.9
2024-04-08,Bengaluru,37.0,21.6,29.3,0.0,31,20.3
2024-04-09,Bengaluru,35.4,21.5,28.4,0.0,38,18.2
2024-04-10,Bengaluru,35.6,20.7,28.3,0.0,45,18.1
2024-04-11,Bengaluru,35.7,20.6,28.5,0.0,48,22.3
2024-04-12,Bengaluru,34.7,21.9,27.6,0.1,59,21.4
2024-04-13,Bengaluru,35.0,21.4,27.8,0.0,54,27.1
2024-04-14,Bengaluru,35.3,20.7,28.0,0.0,45,19.1
2024-04-15,Bengaluru,36.0,20.7,28.4,0.0,40,20.6
2024-04-16,Bengaluru,36.3,19.9,28.6,0.0,41,18.6
2024-04-17,Bengaluru,37.6,22.7,29.7,0.0,37,16.0
2024-04-18,Bengaluru,37.8,22.9,30.4,0.0,38,17.1
2024-04-19,Bengaluru,38.1,24.1,31.0,0.0,40,16.3
2024-04-20,Bengaluru,37.2,23.8,30.3,0.0,41,16.6
2024-04-21,Bengaluru,37.1,22.9,30.3,0.0,41,16.8
2024-04-22,Bengaluru,37.7,23.1,30.2,0.0,37,20.2
2024-04-23,Bengaluru,37.3,22.2,29.8,0.0,31,18.9
2024-04-24,Bengaluru,36.9,22.0,29.8,0.0,37,19.0
2024-04-25,Bengaluru,37.5,22.6,30.3,0.0,32,25.3
2024-04-26,Bengaluru,37.2,22.6,30.1,0.0,37,22.4
2024-04-27,Bengaluru,37.7,21.4,29.9,0.0,33,18.9
2024-04-28,Bengaluru,38.6,22.3,30.4,0.0,38,18.4
2024-04-29,Bengaluru,38.0,24.0,30.4,0.0,39,16.9
2024-04-30,Bengaluru,38.6,23.7,30.8,0.0,40,15.9
2024-05-01,Bengaluru,39.5,23.2,31.5,0.0,43,14.3
2024-05-02,Bengaluru,37.9,24.7,31.0,0.6,49,18.1
2024-05-03,Bengaluru,37.5,24.7,29.7,0.2,55,19.4
2024-05-04,Bengaluru,37.9,23.2,29.4,0.1,59,18.2
2024-05-05,Bengaluru,37.7,23.2,30.1,0.0,49,17.4
2024-05-06,Bengaluru,39.3,23.3,30.4,0.0,49,15.9
2024-05-07,Bengaluru,35.9,23.6,29.2,0.1,55,13.6
2024-05-08,Bengaluru,34.0,21.5,27.6,6.2,57,18.2
2024-05-09,Bengaluru,32.8,22.6,27.3,4.5,59,16.3
2024-05-10,Bengaluru,33.0,22.4,26.6,6.0,64,17.0
2024-05-11,Bengaluru,34.0,21.7,27.4,0.0,59,16.7
2024-05-12,Bengaluru,31.8,22.0,26.2,5.8,70,18.1
2024-05-13,Bengaluru,32.7,20.8,26.1,4.9,69,15.5
2024-05-14,Bengaluru,29.2,21.6,24.9,16.2,77,10.0
2024-05-15,Bengaluru,32.2,21.2,26.2,1.0,69,18.7
2024-05-16,Bengaluru,27.2,21.3,24.5,2.8,77,12.8
2024-05-17,Bengaluru,29.3,20.9,24.1,15.0,83,14.3
2024-05-18,Bengaluru,29.3,21.1,24.1,19.5,86,17.8
2024-05-19,Bengaluru,29.3,21.5,24.3,9.1,84,6.5
2024-05-20,Bengaluru,27.6,21.1,23.8,25.2,86,17.9
2024-05-21,Bengaluru,29.8,21.4,24.2,10.5,85,17.7
2024-05-22,Bengaluru,29.8,21.2,24.9,12.9,82,19.3
2024-05-23,Bengaluru,31.5,20.5,25.8,0.7,78,15.7
2024-05-24,Bengaluru,29.8,21.8,24.8,3.5,85,16.0
2024-05-25,Bengaluru,29.7,22.0,25.1,0.5,75,21.9
2024-05-26,Bengaluru,29.2,21.7,24.7,2.4,68,27.2
2024-05-27,Bengaluru,30.6,20.7,25.5,0.0,70,23.8
2024-05-28,Bengaluru,32.2,21.4,25.7,0.0,71,21.7
2024-05-29,Bengaluru,32.1,20.5,26.3,0.2,69,22.3
2024-05-30,Bengaluru,32.2,21.4,26.0,2.4,73,17.1
2024-05-31,Bengaluru,32.2,21.6,26.5,1.2,71,17.7
2024-06-01,Bengaluru,32.2,22.4,25.5,28.0,84,16.0
2024-06-02,Bengaluru,30.9,22.5,25.5,10.3,80,11.8
2024-06-03,Bengaluru,28.4,22.1,24.7,0.6,81,13.0
2024-06-04,Bengaluru,29.4,21.3,24.6,7.1,82,13.4
2024-06-05,Bengaluru,27.6,20.9,23.8,20.8,85,11.0
2024-06-06,Bengaluru,28.1,21.5,23.7,8.4,88,20.7
2024-06-07,Bengaluru,27.1,21.3,23.3,7.2,87,21.9
2024-06-08,Bengaluru,28.8,20.7,23.8,1.9,80,22.7
2024-06-09,Bengaluru,27.1,20.5,23.5,3.3,80,28.3
2024-06-10,Bengaluru,27.6,20.6,23.7,2.2,79,28.4
2024-06-11,Bengaluru,28.8,21.1,23.6,0.6,81,26.8
2024-06-12,Bengaluru,27.7,20.7,23.0,6.9,84,24.2
2024-06-13,Bengaluru,28.7,20.0,23.1,3.1,81,23.5
2024-06-14,Bengaluru,28.6,20.3,23.9,0.0,75,21.1
2024-06-15,Bengaluru,29.9,19.4,24.2,0.0,71,17.7
2024-06-16,Bengaluru,29.3,19.6,23.9,1.0,77,20.6
2024-06-17,Bengaluru,29.8,20.3,24.1,0.6,78,17.2
2024-06-18,Bengaluru,29.2,20.3,23.8,4.4,81,22.2
2024-06-19,Bengaluru,29.2,20.2,23.4,5.4,84,19.4
2024-06-20,Bengaluru,28.3,20.4,23.5,0.6,79,22.4
2024-06-21,Bengaluru,28.8,19.7,23.1,3.3,81,23.0
2024-06-22,Bengaluru,28.0,20.1,23.7,1.9,78,20.7
2024-06-23,Bengaluru,28.3,20.2,23.8,1.6,77,22.9
2024-06-24,Bengaluru,29.8,20.5,23.7,4.1,77,24.8
2024-06-25,Bengaluru,27.4,20.8,23.6,1.6,81,30.0
2024-06-26,Bengaluru,28.0,20.8,23.3,2.2,81,31.7
2024-06-27,Bengaluru,25.7,21.0,22.5,6.1,85,32.9
2024-06-28,Bengaluru,29.1,20.1,23.9,0.8,76,25.8
2024-06-29,Bengaluru,29.8,19.8,23.8,1.0,78,21.4
2024-06-30,Bengaluru,28.4,20.2,23.5,1.4,83,19.8
2024-07-01,Bengaluru,27.6,20.5,23.0,9.0,85,22.3
2024-07-02,Bengaluru,29.4,20.1,24.0,0.1,75,26.7
2024-07-03,Bengaluru,29.3,20.0,23.2,10.4,83,22.2
2024-07-04,Bengaluru,26.8,20.0,22.4,3.8,84,19.7
2024-07-05,Bengaluru,29.8,20.2,23.2,6.9,81,20.7
2024-07-06,Bengaluru,26.6,20.0,22.6,5.9,81,27.3
2024-07-07,Bengaluru,28.7,20.1,23.4,1.0,78,26.9
2024-07-08,Bengaluru,27.9,20.4,23.2,5.6,78,22.2
2024-07-09,Bengaluru,28.7,19.7,23.3,2.9,77,23.8
2024-07-10,Bengaluru,29.3,19.4,23.3,1.5,78,20.6
2024-07-11,Bengaluru,26.9,20.2,23.2,3.7,81,19.1
2024-07-12,Bengaluru,29.2,19.7,22.9,17.4,85,23.0
2024-07-13,Bengaluru,25.8,20.5,22.7,1.2,83,27.2
2024-07-14,Bengaluru,26.5,20.6,22.5,1.5,82,27.8
2024-07-15,Bengaluru,26.4,20.3,21.7,16.8,90,27.2
2024-07-16,Bengaluru,24.4,20.3,21.8,16.2,89,29.7
2024-07-17,Bengaluru,25.8,20.0,22.1,5.2,87,30.4
2024-07-18,Bengaluru,26.0,20.5,22.1,9.3,87,33.3
2024-07-19,Bengaluru,22.3,20.2,21.1,14.5,93,27.5
2024-07-20,Bengaluru,25.2,19.8,22.0,2.8,84,32.1
2024-07-21,Bengaluru,27.2,20.5,22.9,1.1,80,33.0
2024-07-22,Bengaluru,27.7,20.5,23.1,1.4,76,32.8
2024-07-23,Bengaluru,27.2,20.9,23.3,2.2,78,29.9
2024-07-24,Bengaluru,27.2,20.6,23.2,1.5,77,30.5
2024-07-25,Bengaluru,26.9,20.6,22.9,2.3,81,36.1
2024-07-26,Bengaluru,26.8,21.0,23.1,2.2,80,35.1
2024-07-27,Bengaluru,27.4,20.8,23.2,0.6,74,34.7
2024-07-28,Bengaluru,27.3,20.3,22.8,0.2,75,34.2
2024-07-29,Bengaluru,28.4,20.6,23.3,3.7,80,30.1
2024-07-30,Bengaluru,22.8,20.3,21.2,11.7,94,24.7
2024-07-31,Bengaluru,26.3,20.1,22.0,10.6,88,21.8
2024-08-01,Bengaluru,27.9,20.3,22.4,3.4,86,26.3
2024-08-02,Bengaluru,26.8,20.3,22.6,4.3,85,25.9
2024-08-03,Bengaluru,27.4,19.5,22.3,7.6,85,25.6
2024-08-04,Bengaluru,28.2,19.8,23.2,2.0,81,21.7
2024-08-05,Bengaluru,27.7,19.1,22.7,1.2,84,15.6
2024-08-06,Bengaluru,25.4,20.1,22.2,8.6,88,15.3
2024-08-07,Bengaluru,25.0,20.3,21.9,5.2,88,17.2
2024-08-08,Bengaluru,27.1,19.5,22.4,16.1,85,17.4
2024-08-09,Bengaluru,28.0,19.7,23.1,12.4,83,18.2
2024-08-10,Bengaluru,26.6,20.3,22.8,19.2,86,16.6
2024-08-11,Bengaluru,27.9,20.2,23.6,3.0,81,14.8
2024-08-12,Bengaluru,28.9,20.3,24.1,2.4,79,13.7
2024-08-13,Bengaluru,28.7,20.3,23.8,12.7,82,11.5
2024-08-14,Bengaluru,28.5,20.3,24.5,1.5,78,11.2
2024-08-15,Bengaluru,28.8,21.7,24.6,2.0,79,11.1
2024-08-16,Bengaluru,28.7,20.5,23.8,13.3,84,11.6
2024-08-17,Bengaluru,28.9,19.5,23.9,3.7,83,11.1
2024-08-18,Bengaluru,29.0,19.2,24.1,0.1,80,7.6
2024-08-19,Bengaluru,28.0,20.7,23.6,17.4,86,8.4
2024-08-20,Bengaluru,28.7,19.9,23.5,19.7,85,15.1
2024-08-21,Bengaluru,27.4,20.6,23.3,1.2,84,20.8
2024-08-22,Bengaluru,27.4,19.6,23.1,0.4,78,26.7
2024-08-23,Bengaluru,27.4,19.1,23.1,0.1,79,22.2
2024-08-24,Bengaluru,27.3,19.6,22.8,3.8,81,26.1
2024-08-25,Bengaluru,27.1,19.8,22.7,0.9,79,28.1
2024-08-26,Bengaluru,28.2,19.4,23.0,1.2,77,27.7
2024-08-27,Bengaluru,26.7,19.8,22.7,1.7,80,23.0
2024-08-28,Bengaluru,26.7,19.7,22.3,1.4,82,23.4
2024-08-29,Bengaluru,27.2,19.4,21.9,9.4,87,23.4
2024-08-30,Bengaluru,25.9,19.8,21.8,3.9,88,20.9
2024-08-31,Bengaluru,23.8,19.7,21.5,4.6,89,22.4
2024-09-01,Bengaluru,27.0,20.2,22.3,5.3,84,26.6
2024-09-02,Bengaluru,27.5,20.4,22.9,4.1,83,20.5
2024-09-03,Bengaluru,27.7,20.0,23.1,1.4,81,23.8
2024-09-04,Bengaluru,27.8,19.8,23.2,0.5,79,25.2
2024-09-05,Bengaluru,27.8,19.9,23.2,0.5,79,22.1
2024-09-06,Bengaluru,27.1,19.8,22.8,1.6,81,21.3
2024-09-07,Bengaluru,27.6,19.7,22.5,11.9,85,21.7
2024-09-08,Bengaluru,25.7,20.2,22.3,2.6,85,23.4
2024-09-09,Bengaluru,28.4,20.2,22.9,6.0,81,25.7
2024-09-10,Bengaluru,28.4,19.8,23.3,1.9,79,29.9
2024-09-11,Bengaluru,28.8,19.5,23.4,0.7,77,22.9
2024-09-12,Bengaluru,29.1,19.5,23.3,0.7,76,22.1
2024-09-13,Bengaluru,28.5,18.5,23.1,0.0,74,20.8
2024-09-14,Bengaluru,28.4,18.8,23.1,0.9,75,20.9
2024-09-15,Bengaluru,28.5,18.4,23.3,0.6,75,18.6
2024-09-16,Bengaluru,28.4,17.6,22.8,0.7,76,22.6
2024-09-17,Bengaluru,28.3,18.6,23.1,0.4,77,20.4
2024-09-18,Bengaluru,28.4,17.9,23.0,0.0,67,16.8
2024-09-19,Bengaluru,28.9,17.4,23.0,0.6,71,18.4
2024-09-20,Bengaluru,28.9,19.6,23.8,0.1,70,13.3
2024-09-21,Bengaluru,29.3,19.1,24.0,0.1,70,18.6
2024-09-22,Bengaluru,29.1,19.5,24.0,1.4,71,19.3
2024-09-23,Bengaluru,29.4,20.1,23.5,5.3,80,20.0
2024-09-24,Bengaluru,28.6,20.6,23.1,4.4,84,23.5
2024-09-25,Bengaluru,28.8,20.4,23.3,2.5,80,23.4
2024-09-26,Bengaluru,28.8,19.6,23.6,0.6,76,19.5
2024-09-27,Bengaluru,28.8,19.4,23.4,1.5,79,16.8
2024-09-28,Bengaluru,28.5,19.7,23.2,3.0,82,15.4
2024-09-29,Bengaluru,28.5,20.3,24.0,5.5,78,12.1
2024-09-30,Bengaluru,30.2,20.5,24.5,0.1,73,13.6
2024-10-01,Bengaluru,30.6,19.8,24.8,0.4,73,10.6
2024-10-02,Bengaluru,29.9,20.4,24.2,9.8,78,14.6
2024-10-03,Bengaluru,28.4,20.0,23.4,4.2,82,15.5
2024-10-04,Bengaluru,28.6,19.9,23.6,7.2,82,12.3
2024-10-05,Bengaluru,26.9,20.1,22.4,11.3,87,14.3
2024-10-06,Bengaluru,27.4,19.6,23.3,0.5,78,11.4
2024-10-07,Bengaluru,28.9,19.2,23.1,0.9,77,23.5
2024-10-08,Bengaluru,27.9,20.0,23.2,10.7,82,13.4
2024-10-09,Bengaluru,28.1,20.3,23.3,5.2,82,14.4
2024-10-10,Bengaluru,27.6,19.9,22.8,6.5,84,17.5
2024-10-11,Bengaluru,27.9,19.9,22.9,4.9,84,17.3
2024-10-12,Bengaluru,28.1,20.3,23.2,7.2,82,15.3
2024-10-13,Bengaluru,27.9,20.4,23.3,1.8,81,19.7
2024-10-14,Bengaluru,23.4,19.3,21.0,14.4,93,13.7
2024-10-15,Bengaluru,23.2,19.8,21.2,31.5,92,15.9
2024-10-16,Bengaluru,22.9,19.3,20.8,13.3,93,11.6
2024-10-17,Bengaluru,27.0,19.8,22.8,0.8,83,14.7
2024-10-18,Bengaluru,27.6,19.6,22.2,8.4,87,18.5
2024-10-19,Bengaluru,24.7,18.9,21.4,8.5,90,10.1
2024-10-20,Bengaluru,26.4,19.4,21.7,21.1,89,11.7
2024-10-21,Bengaluru,26.8,19.7,22.2,17.8,88,10.2
2024-10-22,Bengaluru,27.6,18.4,22.0,27.3,87,11.9
2024-10-23,Bengaluru,27.6,19.2,22.4,20.1,86,10.4
2024-10-24,Bengaluru,26.2,19.1,22.0,1.1,85,6.2
2024-10-25,Bengaluru,27.0,17.4,21.9,0.0,78,8.7
2024-10-26,Bengaluru,26.7,17.1,21.6,0.0,73,13.2
2024-10-27,Bengaluru,26.7,15.5,21.1,0.0,75,11.0
2024-10-28,Bengaluru,27.2,16.5,21.9,0.0,75,9.0
2024-10-29,Bengaluru,27.7,17.5,22.5,0.4,76,9.7
2024-10-30,Bengaluru,27.3,17.8,22.4,1.1,80,7.5
2024-10-31,Bengaluru,27.8,18.4,22.5,4.0,83,10.0
2024-11-01,Bengaluru,26.9,19.8,22.3,8.2,84,9.6
2024-11-02,Bengaluru,27.7,18.8,22.1,1.2,83,19.9
2024-11-03,Bengaluru,27.7,19.5,22.4,0.7,81,17.6
2024-11-04,Bengaluru,27.1,19.6,22.4,1.0,79,14.8
2024-11-05,Bengaluru,27.1,17.2,21.9,0.0,72,13.6
2024-11-06,Bengaluru,27.8,16.3,22.2,0.1,67,16.5
2024-11-07,Bengaluru,27.4,19.1,22.6,1.3,76,19.9
2024-11-08,Bengaluru,29.0,18.3,22.8,0.0,72,17.2
2024-11-09,Bengaluru,27.8,18.1,22.2,0.0,68,17.2
2024-11-10,Bengaluru,27.0,17.5,22.0,0.4,71,16.4
2024-11-11,Bengaluru,27.8,17.3,22.2,0.0,66,16.9
2024-11-12,Bengaluru,27.0,19.0,22.2,0.9,75,18.4
2024-11-13,Bengaluru,27.0,19.9,22.3,9.9,85,17.4
2024-11-14,Bengaluru,25.7,19.9,21.9,6.0,87,16.2
2024-11-15,Bengaluru,27.0,19.9,22.1,10.0,86,15.4
2024-11-16,Bengaluru,26.3,19.6,22.1,3.4,86,17.2
2024-11-17,Bengaluru,27.4,19.8,22.7,0.5,80,14.1
2024-11-18,Bengaluru,26.9,19.0,22.3,0.1,77,14.9
2024-11-19,Bengaluru,27.3,18.6,22.3,0.0,73,13.6
2024-11-20,Bengaluru,28.1,17.6,22.1,0.0,71,12.4
2024-11-21,Bengaluru,27.5,17.2,22.0,0.0,71,12.2
2024-11-22,Bengaluru,27.9,16.4,21.9,0.0,69,12.1
2024-11-23,Bengaluru,28.7,16.7,22.3,0.0,68,11.0
2024-11-24,Bengaluru,29.2,17.3,22.9,0.0,66,12.4
2024-11-25,Bengaluru,27.8,17.2,22.1,0.0,68,11.3
2024-11-26,Bengaluru,26.2,18.1,21.7,0.0,75,18.0
2024-11-27,Bengaluru,26.4,18.9,21.7,0.0,73,19.9
2024-11-28,Bengaluru,26.9,17.6,21.5,0.0,62,16.6
2024-11-29,Bengaluru,25.4,18.2,21.7,0.8,66,20.9
2024-11-30,Bengaluru,23.6,19.1,21.0,0.3,83,20.7
2024-12-01,Bengaluru,24.5,19.9,21.4,8.0,87,22.3
2024-12-02,Bengaluru,23.3,20.4,21.3,35.0,94,18.0
2024-12-03,Bengaluru,26.1,20.0,22.2,4.7,89,13.7
2024-12-04,Bengaluru,25.9,18.8,21.9,0.0,84,15.7
2024-12-05,Bengaluru,26.2,19.9,22.3,0.8,85,11.1
2024-12-06,Bengaluru,26.7,19.5,22.5,0.0,81,12.1
2024-12-07,Bengaluru,27.0,19.3,22.3,0.6,83,11.3
2024-12-08,Bengaluru,26.8,18.5,22.1,0.0,79,10.6
2024-12-09,Bengaluru,27.5,18.4,22.4,0.1,76,10.3
2024-12-10,Bengaluru,27.9,18.6,22.5,0.0,75,12.4
2024-12-11,Bengaluru,26.4,18.3,21.9,0.0,75,16.4
2024-12-12,Bengaluru,22.0,19.0,20.2,21.2,92,15.5
2024-12-13,Bengaluru,24.4,19.7,21.2,1.3,85,18.6
2024-12-14,Bengaluru,26.1,17.6,21.2,0.0,78,18.2
2024-12-15,Bengaluru,24.3,15.0,19.3,0.0,77,13.3
2024-12-16,Bengaluru,24.9,15.1,19.3,0.0,77,11.4
2024-12-17,Bengaluru,27.1,14.5,20.4,0.0,76,10.7
2024-12-18,Bengaluru,25.9,17.1,21.6,0.3,78,12.3
2024-12-19,Bengaluru,28.1,19.1,22.9,0.3,75,10.9
2024-12-20,Bengaluru,27.9,18.8,22.9,0.1,76,12.6
2024-12-21,Bengaluru,29.1,18.0,23.1,0.0,73,9.9
2024-12-22,Bengaluru,28.1,17.9,22.9,0.0,74,11.5
2024-12-23,Bengaluru,27.0,18.4,22.4,0.0,72,10.0
2024-12-24,Bengaluru,27.2,17.6,22.4,0.0,68,11.5
2024-12-25,Bengaluru,27.9,17.3,22.2,0.0,68,11.0
2024-12-26,Bengaluru,26.2,18.5,22.2,3.6,81,17.5
2024-12-27,Bengaluru,25.4,18.5,21.2,1.7,85,19.0
2024-12-28,Bengaluru,26.2,17.5,21.2,0.0,76,15.5
2024-12-29,Bengaluru,26.9,16.9,21.4,0.0,73,14.3
2024-12-30,Bengaluru,25.7,16.7,21.2,0.0,75,14.4
2024-12-31,Bengaluru,27.5,17.0,21.6,0.0,65,15.8
2025-01-01,Bengaluru,26.6,16.0,20.9,0.0,67,14.7
2025-01-02,Bengaluru,26.4,16.2,20.6,0.0,70,14.2
2025-01-03,Bengaluru,25.9,16.4,20.3,0.0,69,15.9
2025-01-04,Bengaluru,25.8,14.2,19.7,0.0,70,12.5
2025-01-05,Bengaluru,26.5,14.9,20.2,0.0,68,11.6
2025-01-06,Bengaluru,26.2,15.8,20.5,0.0,67,11.9
2025-01-07,Bengaluru,27.3,15.3,21.3,0.0,61,10.2
2025-01-08,Bengaluru,27.1,16.4,21.0,0.0,59,12.6
2025-01-09,Bengaluru,25.9,14.6,19.8,0.0,70,16.7
2025-01-10,Bengaluru,26.9,16.0,20.8,0.0,70,14.7
2025-01-11,Bengaluru,27.7,17.7,21.8,0.0,73,13.7
2025-01-12,Bengaluru,28.7,17.2,21.8,0.0,74,14.7
2025-01-13,Bengaluru,28.2,19.0,22.5,0.8,75,14.5
2025-01-14,Bengaluru,27.5,18.6,22.2,0.1,74,16.2
2025-01-15,Bengaluru,25.5,16.8,20.4,0.2,73,15.7
2025-01-16,Bengaluru,26.7,16.1,20.8,0.0,70,17.7
2025-01-17,Bengaluru,26.7,16.2,20.8,0.0,72,14.8
2025-01-18,Bengaluru,27.3,15.8,21.2,0.0,68,14.2
2025-01-19,Bengaluru,22.9,18.3,20.0,6.0,83,15.6
2025-01-20,Bengaluru,27.3,17.9,21.6,0.0,68,11.5
2025-01-21,Bengaluru,27.8,15.7,21.0,0.0,58,11.6
2025-01-22,Bengaluru,28.6,15.4,21.6,0.0,59,13.8
2025-01-23,Bengaluru,29.7,16.7,22.4,0.0,63,13.0
2025-01-24,Bengaluru,27.7,16.3,21.3,0.0,63,12.1
2025-01-25,Bengaluru,29.0,14.9,21.4,0.0,60,13.9
2025-01-26,Bengaluru,29.1,15.1,21.9,0.0,48,15.9
2025-01-27,Bengaluru,28.2,15.0,21.4,0.0,54,12.0
2025-01-28,Bengaluru,28.1,15.5,21.3,0.0,57,11.2
2025-01-29,Bengaluru,29.4,15.2,21.9,0.0,59,12.5
2025-01-30,Bengaluru,29.3,16.1,22.4,0.0,64,10.5
2025-01-31,Bengaluru,30.5,18.5,24.2,0.0,62,10.9
2025-02-01,Bengaluru,30.5,19.4,24.5,0.0,57,12.5
2025-02-02,Bengaluru,31.0,17.5,24.0,0.0,48,12.1
2025-02-03,Bengaluru,30.3,16.8,23.4,0.0,45,12.6
2025-02-04,Bengaluru,30.7,17.0,23.9,0.0,40,14.3
2025-02-05,Bengaluru,30.4,18.2,23.9,0.0,42,14.6
2025-02-06,Bengaluru,29.7,17.4,23.4,0.0,41,13.9
2025-02-07,Bengaluru,30.1,17.3,23.4,0.0,41,14.6
2025-02-08,Bengaluru,29.9,17.6,23.6,0.0,46,16.1
2025-02-09,Bengaluru,29.6,18.0,23.6,0.0,50,16.5
2025-02-10,Bengaluru,28.9,17.1,22.8,0.0,56,13.8
2025-02-11,Bengaluru,30.7,16.6,23.3,0.0,48,12.5
2025-02-12,Bengaluru,31.6,17.0,24.3,0.0,36,13.3
2025-02-13,Bengaluru,31.9,17.8,24.9,0.0,33,13.4
2025-02-14,Bengaluru,32.1,18.4,25.4,0.0,31,11.8
2025-02-15,Bengaluru,31.3,19.2,25.4,0.0,35,12.9
2025-02-16,Bengaluru,31.9,18.8,25.1,0.0,39,14.0
2025-02-17,Bengaluru,31.8,18.3,24.7,0.0,43,13.6
2025-02-18,Bengaluru,31.7,18.3,24.9,0.0,45,14.9
2025-02-19,Bengaluru,32.9,18.9,25.8,0.0,42,13.1
2025-02-20,Bengaluru,32.7,19.5,25.7,0.0,46,15.3
2025-02-21,Bengaluru,32.3,18.5,25.3,0.0,45,14.1
2025-02-22,Bengaluru,32.2,18.5,25.5,0.0,47,16.4
2025-02-23,Bengaluru,31.9,19.8,25.6,0.0,40,18.2
2025-02-24,Bengaluru,30.5,19.2,24.7,0.0,39,17.2
2025-02-25,Bengaluru,30.1,17.5,23.8,0.0,49,15.9
2025-02-26,Bengaluru,30.7,18.6,24.3,0.0,45,17.1
2025-02-27,Bengaluru,30.9,17.9,24.3,0.0,41,16.4
2025-02-28,Bengaluru,31.4,17.7,24.5,0.0,46,14.8
2025-03-01,Bengaluru,31.4,18.7,24.7,0.0,63,14.2
2025-03-02,Bengaluru,32.2,19.6,25.8,0.0,55,14.2
2025-03-03,Bengaluru,33.1,20.2,26.7,0.0,47,15.3
2025-03-04,Bengaluru,33.1,21.6,27.2,0.0,36,17.5
2025-03-05,Bengaluru,33.2,21.7,27.6,0.0,30,16.1
2025-03-06,Bengaluru,33.3,21.9,27.5,0.0,33,15.3
2025-03-07,Bengaluru,34.0,20.3,27.0,0.0,30,12.4
2025-03-08,Bengaluru,34.2,19.7,26.8,0.0,32,11.2
2025-03-09,Bengaluru,33.7,20.1,26.6,0.0,36,16.7
2025-03-10,Bengaluru,31.6,17.8,24.5,0.0,53,16.9
2025-03-11,Bengaluru,31.2,18.2,23.4,2.5,65,21.6
2025-03-12,Bengaluru,30.7,20.0,24.5,2.3,70,16.7
2025-03-13,Bengaluru,34.0,18.7,26.3,0.0,51,14.8
2025-03-14,Bengaluru,34.4,19.7,27.4,0.0,39,15.9
2025-03-15,Bengaluru,33.7,20.4,26.9,0.0,35,17.1
2025-03-16,Bengaluru,33.4,19.8,26.7,0.0,46,14.9
2025-03-17,Bengaluru,35.1,21.4,27.3,0.0,53,17.4
2025-03-18,Bengaluru,34.8,21.4,27.9,0.0,46,15.2
2025-03-19,Bengaluru,33.8,21.6,27.2,0.0,52,14.4
2025-03-20,Bengaluru,33.1,20.2,26.4,0.0,54,13.2
2025-03-21,Bengaluru,34.0,20.0,26.8,0.0,54,13.7
2025-03-22,Bengaluru,33.2,21.5,24.7,23.8,71,18.4
2025-03-23,Bengaluru,29.7,20.2,24.1,0.1,75,13.4
2025-03-24,Bengaluru,30.7,19.8,24.7,0.0,68,11.9
2025-03-25,Bengaluru,31.2,20.1,25.3,0.0,60,12.9
2025-03-26,Bengaluru,33.6,19.6,26.5,0.0,47,12.1
2025-03-27,Bengaluru,33.9,20.6,27.4,0.0,43,15.1
2025-03-28,Bengaluru,35.2,21.8,28.0,0.0,40,13.0
2025-03-29,Bengaluru,34.9,22.2,28.4,0.0,32,15.7
2025-03-30,Bengaluru,34.4,22.0,28.0,0.0,28,17.4
2025-03-31,Bengaluru,34.4,21.5,28.0,0.0,31,16.7
2025-04-01,Bengaluru,33.3,19.6,26.4,0.0,50,13.9
2025-04-02,Bengaluru,32.6,20.4,26.1,0.1,59,13.9
2025-04-03,Bengaluru,32.7,20.6,25.3,8.0,68,11.6
2025-04-04,Bengaluru,29.1,19.9,23.3,3.0,77,10.4
2025-04-05,Bengaluru,31.1,19.5,24.9,0.0,69,9.8
2025-04-06,Bengaluru,32.9,20.9,26.8,0.0,56,13.3
2025-04-07,Bengaluru,34.8,21.0,27.7,0.0,49,16.5
2025-04-08,Bengaluru,34.4,20.3,27.5,0.0,46,20.6
2025-04-09,Bengaluru,33.3,20.6,27.4,0.0,43,14.2
2025-04-10,Bengaluru,33.2,20.8,27.3,0.0,48,11.1
2025-04-11,Bengaluru,34.1,20.7,26.3,4.7,57,13.0
2025-04-12,Bengaluru,33.5,20.6,25.7,1.5,60,11.0
2025-04-13,Bengaluru,32.1,21.1,26.3,0.3,55,9.0
2025-04-14,Bengaluru,33.7,21.4,26.8,0.7,52,14.1
2025-04-15,Bengaluru,33.6,20.7,27.3,0.0,47,12.3
2025-04-16,Bengaluru,34.0,21.7,25.7,10.8,64,18.2
2025-04-17,Bengaluru,33.3,21.1,27.2,0.1,56,7.6
2025-04-18,Bengaluru,33.6,21.3,26.7,1.1,62,10.4
2025-04-19,Bengaluru,32.9,21.0,26.8,0.0,63,9.8
2025-04-20,Bengaluru,34.4,21.1,26.7,0.1,62,13.1
2025-04-21,Bengaluru,34.2,20.9,27.5,0.0,55,13.7
2025-04-22,Bengaluru,34.6,21.9,28.3,0.0,43,14.1
2025-04-23,Bengaluru,35.5,21.7,29.0,0.0,42,12.5
2025-04-24,Bengaluru,36.2,21.1,29.0,0.0,47,14.6
2025-04-25,Bengaluru,35.6,21.8,28.8,0.0,50,16.3
2025-04-26,Bengaluru,34.3,22.5,28.5,0.0,49,13.9
2025-04-27,Bengaluru,34.3,21.9,28.0,0.0,52,14.3
2025-04-28,Bengaluru,33.4,21.9,27.6,0.0,56,11.1
2025-04-29,Bengaluru,34.3,22.1,28.1,0.2,52,14.4
2025-04-30,Bengaluru,34.7,22.4,28.6,1.0,49,12.2
2025-05-01,Bengaluru,34.6,23.1,28.3,1.3,49,10.7
2025-05-02,Bengaluru,33.7,21.8,27.1,2.9,60,7.8
2025-05-03,Bengaluru,34.5,21.3,26.5,9.3,62,11.1
2025-05-04,Bengaluru,33.7,21.3,27.2,0.3,58,18.5
2025-05-05,Bengaluru,35.3,21.8,28.1,0.0,50,10.9
2025-05-06,Bengaluru,34.0,21.0,27.4,0.0,54,10.0
2025-05-07,Bengaluru,33.5,20.8,27.5,0.0,48,10.7
2025-05-08,Bengaluru,32.8,21.8,27.1,0.0,49,11.4
2025-05-09,Bengaluru,32.4,20.8,26.8,0.1,52,9.2
2025-05-10,Bengaluru,31.6,21.5,26.9,0.7,52,10.1
2025-05-11,Bengaluru,32.1,21.0,26.0,8.0,62,10.9
2025-05-12,Bengaluru,31.2,20.9,25.6,1.2,69,14.5
2025-05-13,Bengaluru,33.5,20.7,25.1,4.7,73,17.9
2025-05-14,Bengaluru,32.4,20.8,26.2,1.6,67,11.2
2025-05-15,Bengaluru,33.1,21.1,25.8,1.8,70,12.8
2025-05-16,Bengaluru,30.9,21.3,25.3,3.6,74,13.4
2025-05-17,Bengaluru,29.4,21.1,23.6,22.6,85,12.1
2025-05-18,Bengaluru,29.1,20.5,24.0,16.5,83,11.1
2025-05-19,Bengaluru,28.3,21.1,23.2,14.9,88,11.1
2025-05-20,Bengaluru,27.4,20.8,22.7,15.2,90,12.0
2025-05-21,Bengaluru,26.5,20.5,22.8,7.9,81,18.6
2025-05-22,Bengaluru,28.6,19.3,23.6,0.1,75,18.9
2025-05-23,Bengaluru,28.1,20.5,23.6,3.1,81,22.2
2025-05-24,Bengaluru,25.5,20.8,22.7,5.5,87,27.2
2025-05-25,Bengaluru,26.9,20.3,22.7,7.6,88,29.2
2025-05-26,Bengaluru,25.5,20.1,21.6,15.2,92,24.6
2025-05-27,Bengaluru,26.3,20.4,22.8,3.2,83,28.8
2025-05-28,Bengaluru,26.4,20.9,23.1,3.3,80,27.6
2025-05-29,Bengaluru,26.0,20.7,22.4,6.4,85,24.0
2025-05-30,Bengaluru,24.2,20.5,22.1,2.2,88,19.9
2025-05-31,Bengaluru,29.5,21.0,24.2,0.1,76,20.4
2025-06-01,Bengaluru,29.6,19.7,24.2,0.0,75,16.4
2025-06-02,Bengaluru,28.9,19.5,23.7,1.5,77,20.2
2025-06-03,Bengaluru,28.8,19.9,23.6,1.8,79,20.9
2025-06-04,Bengaluru,29.3,19.4,24.3,0.5,73,15.1
2025-06-05,Bengaluru,30.2,19.4,24.6,0.0,69,12.9
2025-06-06,Bengaluru,31.6,20.0,25.8,0.2,64,13.1
2025-06-07,Bengaluru,30.9,20.2,25.6,0.3,64,13.0
2025-06-08,Bengaluru,31.8,20.2,25.6,2.9,66,12.4
2025-06-09,Bengaluru,28.8,20.3,23.8,11.9,80,16.0
2025-06-10,Bengaluru,29.8,20.1,23.8,5.0,78,17.2
2025-06-11,Bengaluru,27.8,20.4,23.3,7.0,83,16.9
2025-06-12,Bengaluru,27.6,20.3,22.9,2.3,82,17.7
2025-06-13,Bengaluru,26.2,20.4,22.6,3.9,88,17.2
2025-06-14,Bengaluru,27.0,20.0,22.5,5.7,86,21.6
2025-06-15,Bengaluru,24.3,20.5,21.9,4.0,88,28.8
2025-06-16,Bengaluru,25.9,20.1,22.3,8.8,85,29.9
2025-06-17,Bengaluru,26.2,20.1,22.3,6.6,86,23.3
2025-06-18,Bengaluru,27.7,19.9,23.2,1.0,82,20.3
2025-06-19,Bengaluru,28.7,20.0,23.7,0.0,76,23.1
2025-06-20,Bengaluru,28.7,19.8,23.4,0.5,78,21.5
2025-06-21,Bengaluru,28.2,19.7,23.5,0.2,76,22.3
2025-06-22,Bengaluru,29.0,20.1,23.0,1.5,79,24.1
2025-06-23,Bengaluru,26.9,19.9,22.8,1.1,78,26.5
2025-06-24,Bengaluru,27.0,20.6,23.3,0.9,75,28.9
2025-06-25,Bengaluru,27.4,20.2,22.9,8.6,80,25.8
2025-06-26,Bengaluru,28.0,20.6,23.3,2.6,78,25.2
2025-06-27,Bengaluru,27.9,19.5,23.0,0.6,77,21.4
2025-06-28,Bengaluru,29.4,20.4,23.3,5.0,76,21.6
2025-06-29,Bengaluru,29.3,20.0,23.7,0.2,72,25.9
2025-06-30,Bengaluru,29.4,19.2,23.7,1.0,73,24.3
2025-07-01,Bengaluru,28.5,20.1,23.7,0.1,73,22.4
2025-07-02,Bengaluru,28.4,20.1,22.8,8.9,81,22.0
2025-07-03,Bengaluru,25.2,19.7,22.0,5.5,85,23.5
2025-07-04,Bengaluru,28.0,20.0,23.5,1.6,76,23.9
2025-07-05,Bengaluru,28.3,20.4,23.2,2.8,78,26.7
2025-07-06,Bengaluru,27.3,20.2,23.1,2.0,78,28.5
2025-07-07,Bengaluru,28.0,20.3,23.7,0.8,73,27.6
2025-07-08,Bengaluru,30.1,19.9,24.3,0.4,72,25.7
2025-07-09,Bengaluru,29.0,19.7,23.8,1.5,74,23.5
2025-07-10,Bengaluru,29.5,20.1,23.5,5.3,79,18.8
2025-07-11,Bengaluru,28.6,19.9,23.0,5.0,84,19.7
2025-07-12,Bengaluru,27.8,20.0,23.3,0.8,79,22.2
2025-07-13,Bengaluru,28.2,19.7,23.0,7.6,82,19.2
2025-07-14,Bengaluru,26.5,19.6,22.6,8.8,82,20.6
2025-07-15,Bengaluru,27.1,20.2,22.9,2.8,79,24.6
2025-07-16,Bengaluru,28.0,19.7,22.5,13.8,86,15.8
2025-07-17,Bengaluru,27.6,20.1,22.1,13.9,87,18.7
2025-07-18,Bengaluru,27.6,19.7,22.6,11.4,84,18.4
2025-07-19,Bengaluru,26.2,19.8,21.7,21.1,88,17.1
2025-07-20,Bengaluru,26.5,19.6,22.0,16.0,85,17.6
2025-07-21,Bengaluru,26.6,19.5,21.5,17.5,89,20.4
2025-07-22,Bengaluru,25.3,19.8,21.8,9.1,85,20.6
2025-07-23,Bengaluru,25.5,19.8,22.0,7.0,83,24.3
2025-07-24,Bengaluru,25.1,19.9,21.6,3.8,86,25.6
2025-07-25,Bengaluru,25.7,19.8,22.0,9.2,84,30.2
2025-07-26,Bengaluru,26.2,20.3,22.1,8.8,82,29.3
2025-07-27,Bengaluru,25.8,19.8,22.2,1.7,77,29.5
2025-07-28,Bengaluru,26.5,18.9,22.5,0.5,76,24.9
2025-07-29,Bengaluru,27.2,18.8,22.5,1.1,77,26.8
2025-07-30,Bengaluru,27.9,19.2,23.1,0.4,76,24.5
2025-07-31,Bengaluru,27.1,19.4,22.9,1.1,81,19.9
2025-08-01,Bengaluru,28.2,19.4,23.2,1.4,80,15.5
2025-08-02,Bengaluru,28.5,19.5,23.5,1.2,78,11.9
2025-08-03,Bengaluru,28.6,19.5,22.7,5.5,83,11.7
2025-08-04,Bengaluru,28.8,19.6,23.3,2.6,82,11.5
2025-08-05,Bengaluru,27.2,20.1,22.7,15.3,88,11.1
2025-08-06,Bengaluru,27.9,19.7,23.2,1.4,84,13.6
2025-08-07,Bengaluru,28.0,19.9,23.5,2.1,83,10.5
2025-08-08,Bengaluru,27.3,20.3,22.6,6.3,87,8.8
2025-08-09,Bengaluru,26.5,20.0,22.3,7.5,87,10.2
2025-08-10,Bengaluru,26.5,19.9,22.0,12.9,87,13.2
2025-08-11,Bengaluru,25.1,19.2,21.7,7.5,87,15.1
2025-08-12,Bengaluru,25.5,19.2,21.6,5.9,85,18.4
2025-08-13,Bengaluru,23.2,19.2,20.5,15.1,94,16.8
2025-08-14,Bengaluru,24.7,18.9,21.1,5.1,88,19.3
2025-08-15,Bengaluru,26.1,19.0,21.5,8.2,86,20.4
2025-08-16,Bengaluru,26.7,19.7,22.0,5.9,85,22.1
2025-08-17,Bengaluru,25.5,19.7,21.3,17.4,88,20.9
2025-08-18,Bengaluru,22.7,19.3,20.7,6.9,89,21.7
2025-08-19,Bengaluru,25.1,19.0,21.7,0.3,78,28.5
2025-08-20,Bengaluru,27.2,19.1,22.4,1.3,78,22.8
2025-08-21,Bengaluru,26.9,18.3,22.5,0.2,82,15.5
2025-08-22,Bengaluru,27.0,19.2,22.5,4.6,84,11.6
2025-08-23,Bengaluru,27.3,19.7,22.8,0.2,80,12.9
2025-08-24,Bengaluru,28.0,18.8,23.1,0.3,76,16.1
2025-08-25,Bengaluru,27.1,17.8,22.8,0.0,75,17.0
2025-08-26,Bengaluru,28.4,18.5,22.6,1.6,77,17.8
2025-08-27,Bengaluru,26.7,19.3,21.8,15.4,86,20.7
2025-08-28,Bengaluru,25.8,19.6,21.6,8.7,89,18.4
2025-08-29,Bengaluru,25.4,19.6,22.2,0.9,82,22.4
2025-08-30,Bengaluru,27.8,19.6,22.8,4.0,83,19.9
2025-08-31,Bengaluru,26.9,19.6,22.3,10.0,85,19.3
2025-09-01,Bengaluru,26.6,19.8,22.5,4.3,81,21.9
2025-09-02,Bengaluru,27.2,18.8,22.0,6.0,83,22.1
2025-09-03,Bengaluru,25.5,19.6,21.6,5.5,87,18.9
2025-09-04,Bengaluru,26.0,19.3,22.3,2.8,84,19.4
2025-09-05,Bengaluru,26.8,19.1,22.8,1.3,81,13.5
2025-09-06,Bengaluru,27.0,19.4,22.5,3.3,83,13.3
2025-09-07,Bengaluru,27.7,19.6,23.1,1.8,81,14.3
2025-09-08,Bengaluru,28.0,18.8,23.4,1.0,76,11.2
2025-09-09,Bengaluru,28.2,19.1,23.6,1.5,78,8.3
2025-09-10,Bengaluru,27.6,19.5,23.1,8.8,82,14.2
2025-09-11,Bengaluru,26.3,19.3,22.4,0.4,80,14.5
2025-09-12,Bengaluru,27.2,19.6,23.1,0.4,75,12.6
2025-09-13,Bengaluru,28.1,18.9,23.3,1.2,75,11.6
2025-09-14,Bengaluru,27.8,18.8,23.1,0.0,75,13.1
2025-09-15,Bengaluru,28.4,19.1,23.2,2.0,77,15.8
2025-09-16,Bengaluru,27.6,19.8,22.4,4.7,84,16.1
2025-09-17,Bengaluru,25.7,19.7,22.1,10.7,88,10.8
2025-09-18,Bengaluru,27.3,19.8,22.2,16.5,88,15.5
2025-09-19,Bengaluru,24.3,19.3,21.3,6.8,90,14.5
2025-09-20,Bengaluru,26.7,19.3,21.8,16.2,87,16.7
2025-09-21,Bengaluru,27.0,18.9,22.4,3.5,83,14.6
2025-09-22,Bengaluru,27.1,19.2,22.5,1.4,82,15.1
2025-09-23,Bengaluru,25.3,19.8,21.9,8.4,85,17.7
2025-09-24,Bengaluru,25.4,18.9,21.8,3.5,84,20.0
2025-09-25,Bengaluru,27.1,18.9,22.1,8.5,84,18.7
2025-09-26,Bengaluru,26.9,18.8,22.4,1.1,77,20.5
2025-09-27,Bengaluru,26.6,19.4,22.2,2.8,80,25.2
2025-09-28,Bengaluru,28.0,19.3,22.9,1.4,77,23.9
2025-09-29,Bengaluru,28.3,19.6,23.0,0.4,75,23.4
2025-09-30,Bengaluru,28.2,17.9,23.0,0.1,72,21.8
2025-10-01,Bengaluru,29.2,19.4,23.6,2.4,73,18.8
2025-10-02,Bengaluru,28.0,19.9,23.3,3.1,76,18.9
2025-10-03,Bengaluru,29.6,19.4,23.6,10.9,76,11.8
2025-10-04,Bengaluru,26.3,20.7,22.6,6.9,84,12.7
2025-10-05,Bengaluru,28.6,18.3,23.1,2.1,75,16.6
2025-10-06,Bengaluru,27.2,19.6,23.0,5.1,74,11.9
2025-10-07,Bengaluru,28.7,18.9,23.8,0.8,70,8.7
2025-10-08,Bengaluru,27.8,20.5,23.4,5.2,78,7.9
2025-10-09,Bengaluru,27.5,19.1,22.6,35.4,85,10.3
2025-10-10,Bengaluru,27.0,18.9,22.6,19.3,84,12.7
2025-10-11,Bengaluru,27.0,19.3,22.7,9.1,80,10.4
2025-10-12,Bengaluru,27.8,18.8,23.1,0.0,69,11.2
2025-10-13,Bengaluru,27.8,18.9,23.1,0.0,74,12.4
2025-10-14,Bengaluru,28.0,19.8,23.3,3.1,80,13.7
2025-10-15,Bengaluru,26.7,20.2,22.5,4.8,85,15.5
2025-10-16,Bengaluru,27.1,20.4,22.6,3.8,86,19.3
2025-10-17,Bengaluru,26.3,19.6,22.2,5.1,88,16.1
2025-10-18,Bengaluru,27.3,20.0,22.0,13.0,89,16.0
2025-10-19,Bengaluru,27.3,19.1,22.4,22.4,86,9.0
2025-10-20,Bengaluru,27.1,20.1,22.4,4.7,86,13.7
2025-10-21,Bengaluru,25.4,20.0,21.5,6.0,90,17.6
2025-10-22,Bengaluru,24.6,20.3,21.6,25.3,91,17.7
2025-10-23,Bengaluru,25.7,19.8,22.3,1.6,85,13.5
2025-10-24,Bengaluru,25.2,19.4,22.0,0.1,81,16.8
2025-10-25,Bengaluru,26.6,19.6,22.8,0.0,79,13.9
2025-10-26,Bengaluru,27.7,19.9,23.1,0.4,79,8.9
2025-10-27,Bengaluru,23.9,19.4,21.4,2.5,88,13.8
2025-10-28,Bengaluru,24.0,19.9,21.4,2.6,86,19.4
2025-10-29,Bengaluru,26.8,19.4,22.2,0.1,78,21.9
2025-10-30,Bengaluru,26.9,18.2,22.1,0.0,77,20.2
2025-10-31,Bengaluru,27.3,18.0,22.4,0.0,71,15.0
2025-11-01,Bengaluru,28.4,17.9,22.9,0.0,70,9.1
2025-11-02,Bengaluru,27.8,17.7,23.0,0.0,73,9.4
2025-11-03,Bengaluru,28.0,18.5,23.3,0.0,71,9.9
2025-11-04,Bengaluru,27.1,18.5,22.4,0.1,77,11.3
2025-11-05,Bengaluru,27.4,19.5,22.7,4.5,80,11.1
2025-11-06,Bengaluru,26.5,19.1,22.0,1.9,81,11.4
2025-11-07,Bengaluru,27.5,18.7,22.7,0.6,75,10.8
2025-11-08,Bengaluru,27.3,18.6,22.3,0.0,69,11.5
2025-11-09,Bengaluru,26.6,17.2,21.7,0.0,53,11.0
2025-11-10,Bengaluru,28.8,17.2,22.4,0.0,60,9.4
2025-11-11,Bengaluru,27.5,18.1,22.9,0.0,68,10.3
2025-11-12,Bengaluru,27.9,19.0,23.1,0.1,70,11.3
2025-11-13,Bengaluru,28.1,19.4,23.2,0.6,73,11.0
2025-11-14,Bengaluru,27.9,19.1,22.5,0.0,70,12.6
2025-11-15,Bengaluru,26.7,16.3,21.3,0.0,65,12.0
2025-11-16,Bengaluru,26.3,17.5,21.8,0.0,71,12.0
2025-11-17,Bengaluru,26.5,17.1,21.4,0.0,68,13.2
2025-11-18,Bengaluru,24.6,18.2,20.8,5.8,77,15.4
2025-11-19,Bengaluru,26.6,18.3,21.7,0.4,78,13.9
2025-11-20,Bengaluru,27.8,18.2,22.2,0.0,76,10.6
2025-11-21,Bengaluru,27.2,18.1,21.7,0.6,82,13.7
2025-11-22,Bengaluru,26.9,19.6,22.3,1.5,82,17.6
2025-11-23,Bengaluru,26.5,19.4,22.1,0.4,81,17.0
2025-11-24,Bengaluru,26.8,19.2,22.1,0.0,78,15.1
2025-11-25,Bengaluru,26.5,18.0,21.5,0.0,75,14.4
2025-11-26,Bengaluru,26.6,17.0,20.9,0.0,74,15.6
2025-11-27,Bengaluru,25.2,16.5,20.3,0.0,74,15.7
2025-11-28,Bengaluru,24.8,15.8,19.8,0.0,74,18.9
2025-11-29,Bengaluru,22.2,16.2,19.0,0.1,80,17.6
2025-11-30,Bengaluru,21.4,18.3,19.3,6.3,92,14.6
2025-12-01,Bengaluru,23.9,18.7,20.8,0.1,83,16.8
2025-12-02,Bengaluru,24.8,18.5,21.2,0.3,83,13.8
2025-12-03,Bengaluru,25.0,19.1,21.4,1.7,86,17.2
2025-12-04,Bengaluru,25.9,19.3,21.4,7.5,85,14.3
2025-12-05,Bengaluru,24.9,19.3,21.4,1.3,82,17.4
2025-12-06,Bengaluru,25.6,17.4,20.9,0.0,76,14.1
2025-12-07,Bengaluru,26.5,17.0,20.9,0.0,76,13.1
2025-12-08,Bengaluru,27.1,15.9,20.5,0.0,67,13.7
2025-12-09,Bengaluru,27.2,15.2,20.5,0.0,72,13.9
2025-12-10,Bengaluru,27.4,17.0,21.2,0.0,56,13.5
2025-12-11,Bengaluru,26.6,14.8,20.0,0.0,63,14.6
2025-12-12,Bengaluru,26.7,13.9,19.8,0.0,65,11.9
2025-12-13,Bengaluru,27.3,14.1,19.9,0.0,57,13.4
2025-12-14,Bengaluru,26.1,14.2,19.7,0.0,63,13.2
2025-12-15,Bengaluru,26.4,14.2,19.5,0.0,63,12.5
2025-12-16,Bengaluru,25.1,15.4,20.2,0.1,78,21.9
2025-12-17,Bengaluru,26.9,17.8,21.9,0.0,69,16.1
2025-12-18,Bengaluru,27.0,15.0,20.2,0.0,62,12.9
2025-12-19,Bengaluru,26.5,14.8,20.0,0.0,62,11.6
2025-12-20,Bengaluru,25.3,13.8,19.1,0.0,65,10.7
2025-12-21,Bengaluru,25.7,14.3,19.5,0.0,66,11.7
2025-12-22,Bengaluru,24.8,14.3,19.2,0.0,72,12.7
2025-12-23,Bengaluru,25.7,15.0,19.8,0.0,67,9.8
2025-12-24,Bengaluru,25.3,14.5,19.8,0.0,63,11.7
2025-12-25,Bengaluru,26.8,14.4,20.3,0.0,61,12.3
2025-12-26,Bengaluru,26.4,17.4,21.2,0.0,65,12.6
2025-12-27,Bengaluru,26.0,16.2,20.4,0.0,62,11.8
2025-12-28,Bengaluru,26.6,15.0,20.3,0.0,67,12.0
2025-12-29,Bengaluru,27.2,15.0,20.9,0.0,67,12.4
2025-12-30,Bengaluru,28.7,16.5,22.1,0.0,63,10.2
2025-12-31,Bengaluru,28.2,17.0,22.5,0.5,68,10.2
